Record,Name,STOCK COUNT
1,1L Semi Milk (Green),6
3,2L Semi Milk (Green),8
5,250g Butter Unsalted,17
7,200g Clotted Cream,5
12,114g Clotted Cream ,0
14,1L Skim Milk (Red),3
17,Almond Milk,5
19,Trink 1L,4
22,FH Butterscotch ,7
33,Trewithen Spreadable,10
58,Proper Job 0.5% Alc,6
67,Kitchen Roll,2
76,Delphi Houmous,5
78,Candles - Refill,17
120,Folk Rhub& Apple Can,4
244,,0
248,,0
374,,0
429,Lemon Olives,5
497,Basil Pesto Olives,8
594,,0
638,CC Pulled Pork,17
640,CC Venison Rillette,15
739,,0
890,,0
938,Willies Pearls Milk,0
952,Buttermilk Assorted Fudg,0
954,Eat Natural Bar,28
957,Arden's Nibble Sticks,0
963,Vegan Mayo,0
983,Squealer Pork Pie,0
998,Jone's Pork Pie w/ Appl,0
1047,,0
1089,Ribena P&P,4
1098,Duskin Apple Juice,10
1145,Fevertree Aromatic Tonic,0
1161,Turkey s'wich,0
1187,TP Strawb Milk,0
1192,Delphi Stuffed Peppers,0
1203,,0
1207,Bacon Unsm Pearces,6
1215,Oasis Summer Fruits,0
1217,Diet Coke,26
1224,,0
1245,,0
1269,Ham s'wich,0
1333,Brandy Clotted Cream,0
1336,64 Firelighters,18
1375,Nutella,0
1387,SDC Extreme Chilli Choc,0
1409,,0
1414,,0
1416,,0
1421,,0
1424,,0
1428,RM Soft Rich BSugar 500g,6
1457,Beetroot Hummus,0
1459,Tabouli,0
1466,Edamame Salad,0
1469,Salt Caramel Potts,0
1501,Yeo Valley Yoghurt,0
1503,Sml TP Straw Milk,0
1523,Auntys Puddings,0
1551,Longley Double Cream 250,14
1562,FT Rasp Rose Lemonade500,0
1564,Garlic Farm Puree,22
1566,Helford Camembert,0
1568,Quickes Extra Mature,0
1570,Truffler Hunter ,0
1595,,0
1622,Kernow Caramel Spoon,0
1632,Delphi S/Ripe Toms,0
1636,,0
1655,Nescafe instant,12
1679,Lazy Lemon Juice,0
1715,,0
1720,,0
1727,,0
1730,,0
1738,,0
1740,,0
1751,,0
1791,,0
1813,Trewithen Black Label 2L,2
1827,,0
1905,,0
1919,KF wrap £3.60,0
1924,Panda Rasp Liquorice,0
1928,Moroccan Chick for 1,8
1932,DC Egg & Bacon Pie,0
1963,Delphi Coleslaw,0
1965,Delphi Red Peppers,0
1980,,0
51,Lrg Granary Sliced Bread,2
53,2 pack Baps,3
55,Lrg Sugared Doughnut,0
57,4 pack Scones,3
69,Fruit Cake,0
74,Hot Cross Buns (4),1
796,Baker Street,0
1393,Sour Dough,3
1596,Sourdough Rolls (2 pack),0
1654,Saffron Cake,1
1832,LB Naan Bread,1
1947,Rye Bread,5
105,10kg Washed Melody,6
109,15kg Baking BOX Potatoes,2
111,750g Pre-prepared Chips,2
113,25kg Wilja,5
227,1kg washed melody,0
988,25kg Washed Marfona,0
1127,Cornish New Potatoes,0
1223,1kg Bag Wilja,0
1250,25kg Marfona WASHED,0
1279,25kg Maris Piper,0
1478,12.5kg Unwashed melody,0
1558,12.5kg Axona,0
1593,Peeled potaoes 1.5kg,0
1731,1 kg Maris piper,0
1901,25kg Lady Terra,4
1976,12.5kg Unwashed Melody,0
1999,10kg Washed Pearl,0
87,Sausages Pearce's,4
92,Unsmoked Bacon,0
151,Unsmoked Bacon,0
153,Hogs Pudding,2
156,Ham,7
158,Mince kittows,5
161,Streaky Bacon,0
163,Whole Chicken,3
165,Cooked beef,6
167,Garlic Butter Chicken,0
170,Sausage meat,0
172,,0
174,Chicken and Ham Pie,6
176,Pigs in blankets (10),0
226,Gammon Joint,1
631,JK Hogs Pudding,2
705,Kittows Scotch Egg,0
850,Sausages 2 for £5,3
892,Duchy Bresaola,0
894,Duchy Napoli,0
931,,0
989,Lamb Leg 2-3,0
1028,DFC The Mix 100g,0
1065,Turkey Medium 12lb ,0
1083,Pork JOINT Pearces,0
1085,Chicken MRoom Pie Pearce,0
1129,GFarmer Air Dried Pork,0
1137,Tag of Beef,0
1154,Beef Meat Box,0
1180,GFarmer Picnic Ham,0
1182,GFarmer British Platter,0
1191,Corned Beef,0
1205,Chinese Pork Steak,0
1328,Pigs in blankets ind£,0
1394,GFarmer Air Dried Ham,0
1403,Pork Steaks,2
1417,Chinese Glazed Chick,0
1448,Steak & Kidney Pie,0
1607,GFarmer Dried Belly,0
1736,Real Cure Chorizo,0
1877,CC Salami,0
1904,LRG Kittow S&A pie,0
81,Clementines,7
202,Banana,0
207,Raspberries,0
209,Nectarines,0
212,Bramley apples ,0
214,Lemon,0
216,Pineapple,0
218,Blueberries,0
221,Oranges Whole,0
223,Bananas x 6,0
225,Mango,0
630,Satsumas/Nadorcotts,0
1221,Blackberries,0
1348,Pomegranate,0
1368,Green Grapes,0
1511,Strawberries,0
1953,Chestnuts,0
79,January King,0
102,Yellow Courgette,0
252,Carrots,0
254,Parsnip,0
257,Swede,0
260,Butternut Squash,0
262,,0
264,Leeks,0
267,Red Cabbage,0
269,Courgettes,0
271,Savoy,0
277,Medium Pumpkin,0
282,Shallots,0
296,Swede,0
647,Pea shoots,0
881,Cabbage,0
925,Christmas Veg Box MED,0
991,Easter Veg Box 2-3 ,0
1046,Purple cauliflower,0
1264,Romanesco,0
1669,Butternut misc £1,0
1671,Parsnips misc £1,0
1673,Leeks misc £1,0
1675,Banana's misc £1,0
1769,Vine toms misc £1,0
1789,Rainbow Chard,0
1801,Courgette misc £1,0
82,Cherry Vine Tomatoes,0
288,Spinach,0
302,Cucumber,0
308,Mushrooms,0
312,Celery,0
447,Pitted Green Olives,0
514,Mixed Olives,3
645,Kalamata Olives,0
1041,Red Hot Chilli Olives,0
1231,Kimchi,0
1474,Earthbound spinach,0
1491,Loose Tomatoes,0
1706,Heritage Tomatoes,0
1850,Iceberg Lettuce,0
355,Large Eggs,84
358,Self-Raising Flour,4
365,Yeast 100g,8
368,Cornish Coffee Ground,13
422,Gourmico Herbs/Spices,164
471,Pasta (All),31
498,Mutti Chopped Tomatoes,3
685,Eat Natural Reduced,0
945,Gnocchi - GF,7
1029,Silverspoon granulated s,0
1121,Mrs C Sage Onion Stuffin,6
1131,Conchiglie,0
1146,FOF Original Biltong,0
1158,Dove GF Plain Flour,0
1201,Cornish Tea Fusion,27
1211,Flour Tortillas,11
1275,Plain Flour,5
1337,Cornish Coffee Beans227g,13
1447,FreezeDried Blackberries,0
1456,Stupidly strong ground c,15
1550,,0
1605,,0
1608,Willie's Cacao Hot Choc,3
1678,Fruitina Snacks,0
1701,Italian Style Coffee,9
1729,Lentil street soup,0
1774,Demerara Sugar,6
1780,Bicarbonate,1
1838,Boom kitchen,0
1893,Cornish Tea Fusion Bags,10
1906,FF Fair Trade Mango,0
1938,Golden Caster Sugar 500g,0
8,Seasisters Tin,45
130,WOOL Firelighters,34
402,Flowers,0
404,Kindling,20
407,Other - 0%,0
411,Gift Voucher £20,0
432,24 Firelighters,0
455,Coal 20 KG,0
689,Wine Gift Bag,0
738,Lillies,0
936,Hamper Box Large,40
981,Matches,12
1053,Welly Store With Lid,0
1056,Build Your Own BB,0
1058,Union Bricketts 20kg,6
1060,Kindling Large,0
1124,Sweet Williams,0
1170,Bricketts New,0
1243,ECover Toilet Cleaner,4
1330,,0
1485,SS The Festive One,3
1487,SS F'ing Hot One,2
1571,Bird Food,2
1591,Toilet Roll,10
1717,ECover Washing Up Liquid,0
1836,Wool Bunnies,0
1914,Bbq charcoal 5 kg,2
1971,Compost Black Gold,9
535,Lollipop Choc Chick,10
543,Lindt Bunnies,6
593,Gingerbread Bunnies,12
596,Choc Chick Nets 100g,13
598,KC Caramel SS Egg,12
1078,Creme Eggs,25
1812,OBB Iced Shortbread Chic,0
1822,MooFree Easter Egg,6
1826,SD Simnel Loaf,7
44,Beef Gravy Granules,6
340,Potato seasoning ALL,25
364,Sea Salt,9
376,Goose fat,20
396,Garlic Mayo,4
523,Salt Pinch Pot Mini's,52
701,Mr Organic Sundried Tom,4
744,Bisto Onion Granules,0
746,Sea salt gift set,0
1175,Duck Fat 180g,9
1297,Veg Oil,13
1411,,0
1438,,0
1441,Mixed Herbs,0
1443,,0
1445,,0
1601,Sea Salt LRG,0
1784,Seaweed Pinch Salt,0
118,Milkshake Carton,23
193,Candy Can Mallow Drink,1
349,Belvoir Ginger punch,0
556,Spring Water (Still),43
566,,0
568,Elderflower tonic 200ml,0
570,Med Tonic 200ml,3
576,Cawston Press Cartons,5
623,Barista Coffee(iced),38
628,Monster Ultra,12
646,Belvoir E/flower & Rose,0
883,Coke Zero,15
949,Belvoir O Elderflower,6
987,FeverTree Passion Mixer,6
1074,W/Melon Juiceburst,0
1076,Lipton Ice Tea Peach,0
1171,Fanta Lemon,0
1198,Folkingtons 250ml,11
1213,Orange Juiceburst,17
1234,Cawston Press Kids-A+M,0
1293,FT Ginger Beer 200ml,5
1295,FT Rasp&Rose Soda 200ml,0
1405,Lime Cordial,0
1473,Lemon Shandy,0
1584,Willy's Kombucha&ACV,0
1586,LRG Salt Cara TP Milk,0
1676,FeverTree Can Lime Soda,0
1724,FV Apple juice 250ml,0
1796,Candy can,0
1912,MrFs Strawb&Kiwi Cordial,2
1921,Flawsome A&S Juice 250ml,3
1929,Folkington Cloudy Pear,3
1948,JW VegIt Vegetable Juice,0
25,BTT  Ca RedOn Gt Quiche,0
131,BTT Steak Pasty,21
133,BTT Steak Ale Mshr Pie,14
135,BTT Bac Ch Quiche,8
137,BTT Millionaires Slice,10
139,BTT Plain Scone,6
424,BTT Vegan Pastry ,21
601,Medium Steak Pasties (3),0
603,Medium Sausage rolls (5),0
605,Strawberry 500ml,12
607,Callestick Vanilla 125ml,7
609,Callestick Mint CC 125ml,0
611,Callestick Choc Fdg 125m,17
613,Granny Lemonade Delipops,0
615,Callestick Honeycomb 125,0
709,Shepherds Pie for 2,22
711,Thai Veg Curry for 1,10
726,Seafood Linguine for 1,9
728,Brownie Pudding,10
1123,Delipop,5
1342,PC Steak Pasty 4 Frozen,47
1344,PC Bacon Turnover 4 Froz,29
1372,PC Vegan Pasty x 4 ,2
1465,Cowlick creamery seasalt,0
1516,Fish pie for 2,8
1518,Beef Bourguignon for 1,13
1582,Veg Lasagne for 2,8
1628,single frozen pasty,0
85,Long grain rice 500g,6
117,Honey clusters,3
430,Baking Powder,2
590,Salted Pretzels,6
651,Whole Brazil 125g,0
653,Desiccated Coconut,0
655,Milk& Dark Choc Brazils,11
657,Dry Roast Peanuts 60g,0
659,Pineapple Cubes 250g,0
661,Sugared Almonds,10
664,Dark Muscovado 500g,3
667,Red Lentils 500g,3
669,Long Grain Rice 1kg,4
671,Jumbo Oats 1kg,5
673,Soft Brown Sugar 500g,6
675,green lentils ,0
677,chickpeas,0
680,chilli powder,0
690,Long Grain 1kg,0
694,S Deluxe Muesli 1kg,0
698,Dried Raspberries,12
1102,Dates,7
1136,Bay Leaves,5
1291,Cinnamon Sticks,0
1332,Berries Mix 250g,0
1347,,0
1352,RM Fine White Sugar 500g,0
1358,Raisins 250g,2
1742,Aborio Rice ,4
1837,Popcorn 500g,0
1907,Sesame Sticks,7
1934,Japanese Rice Crackers,0
90,CF Sweets £3.00,5
322,J&S Popcorn,5
384,Eton Mess Chocolate,0
386,Honeycomb Chocolate,0
388,Caramel Chocolate,60
417,Dark Orange Chocolate,0
687,DM Honeycomb Salt Choc,4
721,BM Fudge box,0
725,Jelly Babies,0
787,CF Sweets £2.05,0
835,Mallow&Marsh - Raspberry,7
940,J&S Popcorn Stars,0
942,Propercorn Popcorn,0
947,J&S Mature Cheddar Chees,0
1026,,0
1087,CF Sweets £2.75,0
1132,Simpkins Drops,6
1160,BM Zingy orange segments,0
1174,KC Fudge Bites,0
1230,Burts S&S Popcorn,0
1247,,0
1449,CF Sweets £2.40,0
1481,Treacle Toffee's,3
1520,Vegan Marshmallows,0
1546,,0
1548,,0
1619,,0
1743,BM Birthday Fudge,31
1782,,0
1797,Mini Marshmallows 100g,0
1890,BM Fudge Maple Walnut,24
1984,CF sweets £1.20,621
1986,CF sweets £1.75,20
1988,CF sweets £1.10,48
204,Bolognese Seasoning,6
345,ASPALL WhiteWine Vinegar,1
488,,0
929,Coconut oil,5
972,FV Olive Oil Extra Virgi,29
976,Inspired Dining Sauces,12
997,Made for Meat ALL,9
1031,"MB Mgo, Lime  & Chilli",6
1033,MB Caesar Dressing,5
1077,Salad Cream,0
1143,Rosemay Bread Dipper,24
1148,CSC Korma,0
1177,Chicken Chip Salt,0
1190,CSC Curry Sauces,10
1254,Meatball Sauce,0
1257,CL Smoky BBQ Sauce,0
1259,Chilli Con Carne  40g,0
1261,Cracked Peppercorn Sauce,0
1407,FB Balsamic,5
1463,CK Chipotle,5
1471,Lemon Bread Dipper,0
1652,Bouillon Cubes,0
1722,FV Chorizo oil,6
1734,Chippa Worcester Sauce,9
1773,Mutti Pasta Sauce,6
1830,CSC Jalfrezi,0
1884,Schwartz PeppercornSauce,0
143,Big Job,0
648,Keltek Brewery,24
751,Proper Job 500ml,22
753,Korev 500ml,13
774,Cornish Best Bitter,0
778,Sharps Atlantic,0
824,Sloely Slaughtered,0
844,Skinners Porthleven,0
846,Skinners Cornish Knocker,0
895,Keltek Even Keel,0
898,Keltek Reaper,0
1042,Skinners Betty Stogs,0
1051,Keltek Magik,0
1233,Porth Pilsner,0
1496,Reduced Beer/Ale,0
1529,Gunner Sinner,0
1705,Offshore Pilsner 330ml,0
1749,St Ives 440 ml,0
1900,Skinners & Goodh Cans,0
1949,,0
50,Zeno 0% Wine,6
625,Knightor Madeleine,0
780,Camel Valley Bacchus Whi,18
782,Camel Valley Pinot Rose ,20
784,Knightor Carpe Diem Rose,5
786,Domaine le Serrie Picpou,0
794,Club de Campo Malbec,0
800,Chateau le Gardera Borde,0
821,Via Alta Sauvignon Blanc,0
840,CN Choc Liqueur 10CL,0
848,Knightor Vermouth ,0
919,Gold County Cab Sauv,6
1025,CL Straw Liqueur 70CL,0
1045,Knightor Classic Brut,5
1070,White Rose Zinfandel,0
1111,CC Charlestown Lust 70CL,0
1138,,0
1140,,0
1164,,0
1380,SeaChange Pays d'oc,0
1852,Joey Brown fruity white,10
1854,Gold county chardonnay,10
1856,Pierre lacasse cabernet ,12
1858,Pinot Grigio Rose,15
1860,Tempus two silver series,20
1862,Te merio sauvignon,13
1864,Parlez vou malbec,10
1866,Cotes du rhone,9
1868,Williams Grove Red,14
1870,Williams Grove Rose,11
1915,Knightor CD Red,5
1973,Sapuri pinot blush,0
331,White Distillery Bags,15
581,AD Xmas Gin 70cl,6
729,Aval Dor Vanilla 70cl,12
732,Aval Dor Rosemary 70cl,7
760,Aval Dor 5cl ,12
762,Aval Dor Vodka 35cl,6
764,ADs Dry Gin 35cl,6
770,AD og gin 35cl,0
772,AD Gin Rhub 70cl,12
777,Distillery Glass,15
791,AD Dry Gin 5cl,11
793,AD Original Gin 7,16
804,CM Devil Water 50cl,11
806,CM Apple Pie 50cl,11
813,Moonshine Orange 10cl,0
815,Moonshine Toffee 10cl,8
819,Aval Dor Gin Christmas35,12
826,SFC 5CL,0
828,AD Spiced 5cl,15
830,aD Vodka Rose 5cl,0
837,Seaberry Vodka Sour ,1
847,Aval Dor Rose+Hib 70cl,6
863,Aval Dor Gin 70CL Origi,13
865,Aval Dor Dry Gin 70CL,17
867,Aval Dor Vodka 70CL,14
1072,AD Xmas gin 35cl,2
1252,AD Xmas Vodka 35cl,0
1273,8Track - 70cl,5
1379,Crowning Royale,0
1422,Distillers Cut Gin,9
1553,Barrel Aged Spiced Gin,0
1573,FreePromoXmas Gin5cl,0
1626,LRG xmas cocktail pouch,0
1972,AD Blackcurrant liqueur,13
1982,Vodka mini set,1
26,FV Vintage cider sparkli,10
48,Duchy flagon cider 1 ltr,7
60,Cider brandy 50ml,9
142,,0
733,Verdant Headband 440ml,0
767,,0
769,,0
808,CO Farmhouse sparkling,0
822,Cider 500ml,0
1141,Healeys Gold,16
1426,,0
61,B-Skincare,0
64,Hedgehog,6
72,Feeding pheasant,25
100,Alert pheasant,27
420,B Beeswax Lip Salve,7
473,B Gardeners Hand Scrub,9
475,B Muscle Scrub,8
477,B Rejuv Face Moist,7
479,B Tea Tree Cream,8
588,B Gardening GIFT,5
666,Home Giftware,0
714,Chocoholic gift set,0
716,"Gin, Tonic and Chocoholi",0
720,Spoon gift set,0
741,HamperNoA £35,0
743,HamperNoA £60,0
1101,Hamper £75,0
103,Corn Lard Onion & Ale,4
128,Jude's Custard (both),5
320,Peanut Butter Winter F&S,1
352,Homecrafts Jars,227
361,Mrs D R/currant Jelly,2
415,MrO Tom/Capers Antipasti,0
426,CP Sweet pickle,0
586,Salted Caramel Sauce,3
736,Truffle Mayo,0
860,Discount JMC,0
950,Mrs D's Apple Sauce,6
1165,Alioli,0
1226,Beetroot Relish,0
1281,SD Habanero Salsa,12
1340,SD Chilli Chutney,9
1360,Boddingtons raspberry 34,0
1365,Bearnaise ,0
1388,CL Caramel SS Sauce,0
1408,HB Hot Garlic Chutney,0
1446,SD Chilli Jam,7
1493,Mrs P/Pot Pickled Onions,0
1576,Drivers Pickling Vinegar,2
1633,CL M/Wine & Cran Relish,0
1650,SD Jalapeno Salsa,0
1718,HogsBottom Mayo- Relish,0
1811,Marmite,3
1882,Fredas vanilla & Choc,3
1887,HB Horseradish Mustard,0
1918,OV Horseradish Mustard,7
1950,CK Hollandaise,0
75,Furniss Lemon Shortbread,4
195,Farmhouse Non Choc Biccy,7
319,Popti Oat Crackers,0
330,Popti Snaps pop&Cayenne,0
339,Nairn GF Flatbreads,4
354,Furniss butter fingers,12
418,Nairn's Marmite,4
438,Popti Snaps Mature Chedd,0
442,Popti Seaweed Thins,0
449,Popti Parmesan Thins,40
622,Teoni White and C/berry,15
635,Teoni Shortbread 375g,0
637,Teoni Dipped Box 400g,0
692,Farmhouse GF lemon&white,0
719,Simply Cornish Gingerbre,0
724,Simply Cornish Chocolate,0
797,Teoni's Boxes,14
832,Bear Raspberry Biscuits,2
966,,0
1034,Iced Gingerbread Animals,0
1038,Olinas GF Wafer Crackers,0
1073,Teoni GF Pistachio,6
1168,Teoni All Butter S/bread,0
1193,Furniss- Strawb,7
1222,Furniss Ginger & Choc,6
1292,Teoni Mixed Selection,0
1354,Mrs C Deeply Dipped,0
1412,Teoni GF Cranberry,7
1437,Black Pepper sesame,12
1507,Popti Snaps BM&Oat,0
1509,Popti Snaps Multiseed,0
1524,Mrs Crimbles Caramel,14
1527,Teoni strawb&cream,0
1545,Gingerbread Jack,0
1603,Furniss Gingerbread,19
1612,WCL Wafers,10
1614,WCL Biscuits,3
1641,Teoni White Choc & Rasp,0
1825,FH Eng Garden Biscuit,10
1885,Teoni Maple Pecan,12
1913,Nairn Mini Cheese Bakes,12
1941,RS Oat Bisc Sea Salt,0
1954,ES choc coconut bisc,0
1967,G'ma's Wild's Tin,6
1969,VITA VIGOR Breadsticks,5
1995,Marmite Mini Rice Cakes,8
84,,0
115,Bojangles Gold 135g,6
197,MooFree Choccy Rocks,8
436,Kernow choc spoon,7
511,Pasty Choc ,0
643,Buttermilk Truffles,0
911,Willies Pearls DARK,0
927,,0
937,CF Sweets £2.50,0
962,,0
994,JCB Classic Dark Buttons,0
996,JCB Dark Chocolate with ,13
1049,,0
1199,,0
1238,Guinness Mini Pint Chocs,0
1241,,0
1263,,0
1327,,0
1374,Twix,50
1497,Kernow Sea life ,0
1512,Kernow chocolate (All),30
1621,Kernow mint spoon,0
1759,BM Hot X Bun Fudge,7
1807,FF Salted D/Choc Cashews,1
1810,Kallo Y/Topped  RiceCake,0
1834,Lindt Luxury Selection,0
1926,Maltesers,34
1959,FF Pistachio,0
11,Turkey Balance,0
219,Wreath Small,0
317,Mr F S C Nuts 75g,0
333,,0
536,BM Easter Egg Fudge,6
583,Mulled Wine,0
817,Aval Dor Gin Christmas ,0
902,Boddingtons Cranberry Re,0
905,Christmas Pudding Large ,0
907,Furniss - Blue CC,0
909,Furniss All butter short,0
915,Christmas Hamper £50,0
917,Kernow Chocolate Xmas Pu,0
932,Mincemeat,0
939,Valentines Drops Tin,0
980,Valentines Meal Ribeye,0
1062,Belvoir Festive Punch,0
1104,Red Cabbage Darlingtons,0
1106,Ham Glaze 200g,0
1108,Moo Free Snowman White,0
1114,Xmas pudding vodka 5cl,97
1236,FH Xmas Tin 450g (Lrg),0
1288,,0
1530,BM Irish Cream Fudge,0
1532,Filberts Truf/Gar Nuts,0
1534,Kernow Xmas Mulled Punch,0
1537,Furniss Xmas Ginger box,0
1540,Teoni Xmas Pud Dipped,0
1554,Chocolate fudge,5
1557,Kernow Xmas Pudding Choc,0
1560,Polgoon Mulled Wine,0
1600,Lindt Bears 10g (Small),0
1629,Turkish delight,16
89,Mrs D B/root Ketchup,12
955,Mrs D's Lemon Curd,4
974,Mrs D's Horseradish,10
1080,Mrs.D Passionfruit Curd,0
1589,Mrs D's Cranberry sauce,5
10,Cornish Blue 175g,4
21,Brie Wedge,0
24,Davidstow Classic,8
30,Miss Wenna,5
32,Nanny Florrie,0
35,Miss Muffet,0
37,Nanny Muffet,0
39,Cornish Jack,0
41,Davidstow Crackler 200g,0
43,Cornish Gouda Cumin ,0
46,Davidstow 60 Month,0
337,Cornish Gouda fenugreek,11
425,Gouda truffle,0
579,Peninsula Smoked Cheese,0
629,CC Cheese Slices,0
897,Davidstow 20 mth,0
1067,Miss Thyme,0
1239,Lady Scarlett,0
1350,Garlic Yarg,0
1461,Cornish crumbly,0
1703,Goats cheese quicke,0
1757,Mozzarella Ball,0
1886,Gouda Xtra Mature,0
1978,Feta,0
1063,AD Christmas Gin 5cl,55
83,COS Wasabi Peanuts,3
95,COS Pepper Cashews,9
97,COS Smoked Almonds,9
192,BBC Veg Crisps,9
400,All Burts 40g,129
529,PPC Crackling 1.5L,62
633,Burts Pigs in Blankets,0
683,Honey cashews,9
697,BombayMix340g,14
886,Filberts Selection Tin,0
910,Mr Filberts Roast Chestn,0
968,Filberts Peppercorn Cash,0
970,Filberts Smoked Mixed Nu,0
1092,Mr Filberts Snack Salami,0
1185,Burts Beef 150g,41
1255,Prawn Cocktail Burts 40g,0
1276,Burts S'n'P 150g,0
1369,Burts C&C Lentil Crisps,0
1455,Discount scratchings,0
1480,PPC Salt and pepper 55g,31
1578,Burts 150g Cheese&Onion,0
1771,Burts Guinness 40g,0
1802,DJ&A B/root Slices,12
1828,BUD Peanuts,3
1844,Kallo Lentil&P Veg Cakes,0
1873,Burts 150g Guinness,0
1880,FF Roasted Mix Nuts,2
1909,DJ&A S/Potato Crisps,24
1940,Burts Limited Editions,0
1001,Tea ,0
1003,Creami Choc,0
1005,Espresso,0
1007,Cappuccino,0
1009,Black Coffee,0
1013,STAFF COFFEE ANY ,0
1951,Syrup 30p,0
1093,Noodles £3.30,0
1153,KF Sub £4.20,0
1176,BLT sandwich,0
1270,Cheese s'wich,0
1385,Discount Coleslaw,0
1390,CFK Quiche,0
1398,CFK Sausage Roll,0
1476,CFK Quinoa,0
1484,CFK Rhubarb tart,0
1495,CFK Rhub&Custard Pot,0
1504,Turkey Sarnie,0
1580,Coleslaw,0
1645,,0
1648,,0
1656,,0
1659,,0
1661,,0
1663,,0
1665,,0
1667,,0
1689,,0
1691,,0
1699,,0
1711,,0
1713,,0
1721,,0
1747,Sandwich £3.30,0
1799,Sandwich £2.80,0
1845,KF Egg & bacon pie,0
1847,JK Pork pie,0
1993,Pearce's pork pie 2pack,0
1088,CFK Brownie DISC,0
1135,Discount CFK Lemon Curd,0
1383,CFK Choc Chip Banana,0
1453,CFK Rocky Road,0
1616,Mincemeat Crumble,0
1618,Raspberry Crumble,0
1684,,0
1686,,0
1693,DC Sausage Rolls,0
1755,Discount DC sausage roll,0
1776,DC Cakes,0
1790,DC Cake discount,0
1818,,0
1871,Lrg EasterEgg Cheesecake,0
1902,DC Cookie,0
1944,6x Cupcakes ,0
2,1L Whole Milk (Blue),0
4,2L Whole Milk (Blue),4
6,250g Butter Salted,0
9,Alpro Soya Milk,7
13,Trewithen Greek Yoghurt,3
16,2L Skim Milk (Red),0
18,Oat Milk,0
20,Trink 2L,8
28,Small flavoured yoghurt,7
49,Wild Garlic Pesto,14
65,Spring Greens,0
73,Mena Dhu,10
77,Candles - Glass,0
80,TEST 1p,0
122,,0
245,Duck Pate,0
249,DISCOUNTED Bananas,0
377,Garlic & Rosemary Olives,4
431,,0
499,,0
624,Roddas cream 142g,0
639,CC Salmon Pate,14
641,Boddingtons Choc Orange ,0
775,Mooon Milk Yoghurt,0
921,Cheese Hamper £50,0
951,Moo Everyday Bar Origina,0
953,Buttermilk Dairy Free SC,0
956,Cawston Press Orange Jui,0
958,Jude's Maple Sauce 320g,0
964,Balsamic Vinegar Dressin,5
985,,0
1044,,0
1079,Gourmico Venison Pate,0
1091,Crispy Onions Original,0
1110,,0
1147,Clotton Hall Custard,0
1186,TP Milkshake,0
1188,CHD Rice Pudding,0
1197,,0
1206,Bacon Sm Pearces,0
1214,Lipton ice tea Lemon,0
1216,Lucozade Still Orange,16
1218,Coke,27
1244,,0
1246,,0
1298,Cheese Sauce 75g,0
1334,1pint Whole milk (Blue),0
1339,Kefir Straw&Peach Can,0
1376,1kg Granulated Sugar,0
1401,Cotteswold Dbl Cream,0
1413,,0
1415,,0
1419,,0
1423,,0
1425,,0
1429,Moofree Kids Fizzy,0
1458,3 Bean Salad,0
1460,Aubergine Dip,0
1467,Lemon & Lime Posset,0
1492,Focaccia,6
1502,Sml TP Choc Milk,0
1514,Alma De Chile chardonnay,0
1539,Delphi Couscous Salad,0
1561,Gourmico Pickling Spice,0
1563,Judes Strawberry Coulis,0
1565,Helford Blue,0
1567,Helford Sunrise,0
1569,Smoked Cheddar ,0
1588,,0
1599,CFK Sticky Toffee Pud,0
1631,Delphi Stuffed Vine Leaf,0
1635,,0
1638,LH GF Cara Onion Houmous,0
1668,Muller Unsalted,0
1709,Princes Orange Juice,0
1716,,0
1726,,0
1728,,0
1735,,0
1739,,0
1741,,0
1772,Mutti Passata 500g,1
1804,Delphi Tzatziki Dip GF,0
1824,,0
1898,NEXBA Wild Citrus Energy,0
1911,,0
1923,JimJams H/nut Spread 350,2
1927,Liptons iced tea,0
1931,Trewithen Flavoured,0
1962,New Houmous,0
1964,Delphi Potato Salad,0
1975,Nairns Mix Berry Biscuit,0
1991,Lemon & Lime Posset,0
52,Lrg White Sliced Bread,4
54,4 pack Saffron Buns,0
56,Danish,0
66,Mince pies,1
71,Cherry Cake,2
357,Dulcesol Burger Buns,3
1202,Niles Yule Log,0
1432,Sour Dough Sliced,0
1653,Yule Log,0
1831,Sliced White Bloomer,5
1842,Everfresh Malt Loaf,0
1958,Dulcesol Bread,0
106,25kg Washed Melody,3
110,Individual Baking Potato,0
112,5kg Wilja,10
114,12.5kg Wilja,6
335,,0
1010,10kg Washed Marfona,0
1196,25kg Maris Peer,0
1229,Discounted Chips,0
1278,1kg New Maris Piper,0
1477,25kg Unwashed melody,0
1488,10kg Washed Maris Peer,0
1581,1kg bag Axona,0
1625,1kg Bag Washed Melody,0
1892,Salad Top Potatoes,0
1974,12.5kg Pearl,0
1998,25kg Washed  C Pearl,0
88,Burgers Pearces,7
98,JK Sausages Pork,0
152,JK Burgers,0
155,Chicken Fillet (2),2
157,Smoked Bacon,0
159,BBQ Pack ,0
162,Steak Rump ,7
164,Spare Ribs BBQ Glazed,0
166,Cooked turkey,0
169,Lamb Chops,0
171,Gammon Steak,2
173,Steak and Ale Pie,8
175,Steak and Kidney Pie,0
191,Chinese Chicken,0
247,,0
686,DFC 50g The Mix,2
799,Pearce's Pork Pie Singl,0
891,Duchy Coppa,0
893,Duchy Chorizo,0
899,Duchy Mixed,0
946,Chorizo Ring,0
990,Lamb Leg 4-6,0
1064,Turkey Small 8lb,0
1066,Turkey Large 15lb,0
1084,Pork Chops ,0
1086,Steak Ale Pie Pearce,0
1130,GFarmer Air Dried Beef,0
1149,GFarmer Air Dried pork,0
1155,Lamb ,0
1181,GFarmer Charcuterie,0
1184,R&P Organic Platter,0
1204,Braising Steak JK,0
1208,Quiche Any,3
1341,Discount Charcuterie,0
1400,JK Burger OP,0
1404,Minted Lamb Steak,0
1418,Sparerib Pork Steaks,0
1526,GFarmer Salami Select,0
1688,Pork & Cider Pie,0
1876,Sausages OP,0
1878,CC Chorizo,0
1946,Corned beef,0
201,Apple,0
206,Large Orange,0
208, Peaches,0
211,Cherries ,0
213,Watermelons,0
215,Lime,0
217,Grapes,0
220,Pears,0
222,Honeydew Melon,0
224,English Strawberries,0
250,Strawberries Sweets,0
700,Boddingtons 227g,0
1249,Raspberries 125g,0
1367,Red Grapes,0
1402,Satsuma,0
1925,Cherries,0
1957,Gooseberries,0
101,Asparagus British,0
251,Ginger,0
253,Cauliflower,0
255,White Onions,0
259,Broccoli,0
261,Pickling Vinegar,0
263,White Cabbage,0
266,Garlic,0
268,Red Onions,0
270,Sweet Potatoes,0
276,Punnet cherry tomato,0
278,Large Pumpkin,0
283,Brussel Sprouts Stalk,0
310,XL pumpkin,0
684,Hispi Cabbage,0
924,Christmas Veg Box SMALL,0
926,Christmas Veg Box LARGE,0
992,Easter Veg Box 4-6,0
1169,Small pumpkin,0
1587,Celeriac,0
1670,Carrots misc £1,0
1672,Swede misc £1,0
1674,Broccoli misc £1,0
1692,Brussel Sprouts Loose,0
1770,Satsuma misc £1,0
1794,Mixed peppers misc £1,0
1977,French Bean,0
229,,0
301,Cherry vine tomatoes,0
306,Spring Onions,0
309,Vine Tomatoes,0
314,Little Gem Lettuce,0
448,Garlic Olives,0
644,Jalapeno Stuffed Olives,0
693,Flat Lettuce,0
1200,Beef Tomatoes,0
1452,Cos lettuce,0
1475,Earthbound spring mix,0
1634,Mixed Peppers,4
1819,Graffiti Aubergine,0
1888,Sauerkraut,3
356,Medium Eggs,63
359,White Bread Flour,3
367,Smugglers Brew 40 bags,16
369,Sugar,0
454,Duck Eggs (6),3
472,Pasta Fusilli,0
522,Honey comb PURE,24
707,Decaf Tea,24
978,Caster Sugar,10
1081,,0
1126,Protein Flapjack,0
1133,BC Beef Dripping,8
1157,Brown Long Grain Rice,8
1163,Spaghetti,21
1210,Coconut macaroon Mrs C,0
1212,Sunflower,4
1280,G&B Hot Chocolate,0
1357,Pancake Mix,5
1454,Goose egg,3
1500,Flower&White Meringues,0
1583,F&W Meringue Bites,3
1606,Brown Lentils,2
1640,Lemon Juice,3
1680,Organic Apricots,2
1710,Sugar Gran SSpoon 500,13
1733,Mama Rice Noodles,5
1779,Baking Powder,2
1808,Golden Fry Dumpling Mix,0
1851,Smugglers Brew 80 bags,0
1894,Colombian cornish coffee,6
1937,Tagliatelle,3
1955,English loose tea,3
86,Colwith Starch Bags,0
401,Cards general,261
403,Hand Sanitiser 100ml,5
405,,0
410,Gift Voucher £10,0
413,Premium Cards,120
434,Other 20%,0
456,Colwith Jute Bag,0
708,Hand Wash,0
749,Cornflowers,0
971,Daffodils,4
982,Charcoal,0
1055,Built Bird Box,0
1057,New Flame 20kg,0
1059,Softwood Logs Net,18
1061,Kindling Small,12
1150,Cornish Pinks,0
1242,ECover Multi Purpose,0
1286,48 Firelighters,0
1420,Farm Shop Guide,0
1486,SS Smoky one,0
1490,,0
1577,Pott's Brandy dessert s,0
1592,Bin Bags,8
1783,SS Mexican One,0
1839,Country flowers,0
1956,Gift voucher £5,0
1979,Potato voucher,0
542,Lindt Choc Eggs,11
592,S/Cara Mini Eggs,2
595,KC Milk Egg,4
597,KC Honeycomb Egg,5
599,Choc H/Nut Eggs 84g,3
1082,MooFree Egg,6
1821,MooFree Choccy Eggs 50g,6
1823,KC Simnel Cake Dark Choc,6
70,Halzephron Dressing,15
362,CK Ketchup ALL,25
375,Malt Vinegar,0
390,Duck fat 320g,9
419,Salt and Peppery,8
662,Goldenfry Granules,5
731,Cheese sauce,0
745,Bisto Cheese Sauce,0
755,Truffle Hunter Oil,0
1284,Bisto (all),0
1366,Tomato Puree,12
1435,,0
1440,Herbs Provence,4
1442,,0
1444,Sage,8
1549,Roasting Salt,0
1719,Kallo Stock,12
1966,C&Ivy Dressing,1
127,CP Orange,27
348,Belvoir Passionfruit,0
545,Cawston Press Apple Juic,6
557,Spring Water (Sparkling),0
567,Premium Indian Tonic 200,0
569,Premium Indian Tonic 500,0
575,Cornish Orchards Cans,47
620,Folkingtons Orange 1L,4
626,FT Lemonade 500ml,0
632,Bottle Milkshake,34
747,Spring Water (Still) LRG,22
948,Belvoir R&L Cordial,0
984,FT P/Fruit Mixer,6
1030,F/T Indian tonic 500ml,0
1075,Rubicon Passionfruit,0
1142,Belvoir Summer Spritz,0
1172,Ribena B/Currant,51
1209,Pimms & Lemonade,0
1219,FeverTree Light Tonic,1
1282,Fentimans Ginger Beer,4
1294,FT Blood Org Soda 200ml,12
1299,Purdey's,3
1451,Seaberry Vitamin C,1
1542,Fevertree Ginger Ale 500,6
1585,Sml Banana TP Milk,0
1597,FeverTree Can Ginger,0
1702,Fevertree sicilian lemon,0
1795,Jolly's  cans,26
1895,Apple juiceburst,0
1920,Fevertree 500ml Summer,6
1922,Wildberry Presse 330ml,9
1930,Belvoir Non-Al G&T,0
1992,Folkingtons rhubarb can,6
47,BTT Roasted Red Pep Pest,15
132,BTT Cheese onion Pasty,9
134,BTT Sausage Rolls,7
136,BTT Fudge Slice,10
138,BTT Carrot Cake,6
423,BTT Shortcrust Pastry,6
428,BTT Sweet Pastry,0
602,Medium Cheese and Onion ,0
604,Vanilla 500ml,0
606,Callestick Choc F 500ml,0
608,Callestick 125ml,0
610,Callestick 500ml,0
612,Callestick Blood Org 125,0
614,Callestick Seasalt 125ml,0
616,Callestick Honeycomb 500,0
710,"Chick,Bacon,Leek Pie 42 ",10
712,Roast Veg Cass for 1,10
727,Crumble,8
1122,Mango & Lime Delipop,45
1228,Callestick Seasalt 500ml,0
1343,PC Che+on Pasty 4 Frozen,37
1345,PC Sausage Roll 4 Froz,48
1464,Cowlick creamery vanilla,0
1515,Beef lasagne for 2,12
1517,Cottage pie for 2,13
1519,Sticky toffee pud for 2,6
1594,PC Veg Pasty 4 Froz,0
1732,Coconut Curry for 1,8
116,Dried apricots,3
119,Pearl barley,3
589,BombayMix250g,0
591,Organic Green Lentils,0
652,Cashews R&S 80g,0
654,Flaked Coconut 250g,0
656,Milk Choc Honeycomb 125g,0
658,Peanuts R&S 100g,0
660,Raisins 250g,0
663,Cornflour 125g,0
665,demerara sugar 500g,4
668,Yeast,4
670,Sage and Onion Stuffing ,6
672,Regular Porridge Oats 1k,9
674,Golden Breadcrumbs 150g,0
676,couscous,0
678,kidney beans ,0
681,Saffron ,6
691,Dried Strawberries diced,6
695,WC 40% Muesli 1kg,0
1054,Bouillon,0
1103,Vegetable Suet,0
1285,Granola Fruit Muesli 1kg,4
1326,Luxury F&N Mix,0
1346,,0
1351,Dove Self raising,4
1353,RM Soft Brown Sugar 500g,5
1362,Dried Straw Sliced,0
1763,Coconut Milk,4
1903,Strong Wholemeal Flour,5
1933,Granola Straw Museli,7
1935,Salted Cashew Pots,0
104,Sweets £2.80,0
383,Milk Chocolate,0
385,Lemon Meringue Chocolate,0
387,Orange Chocolate,0
397,Clotted Cream Fudge,0
537,Buttermilk Egg & Soldier,0
713,Marshmallows,8
722,Buttermilk Fudge Strawbe,0
750,,0
833,Liquorice Allsorts,0
885,Orange & Lemon Sices,0
941,J&S Car and Belg Choc,0
943,J&S Strawberries & Cream,0
986,Meringues,57
1027,,0
1113,CF Sweets £1.25,3
1151,CF Sweets £1.40,0
1166,BM Choc Fudge/ P Brittle,10
1220,SF Rhub&Custard,0
1232,,0
1248,Cornish Strawberries SML,0
1450,CF Sweets £1.55,0
1482,Choc Pumpkins,0
1541,Maple Syrup,5
1547,,0
1556,FLYERS Strawberry,12
1623,Turkish Delight,0
1760,Simkins S&C Drops 175g,4
1785,F/Feast S/Cara Almonds,10
1805,FFarm Raspberry Shapes,0
1891,BM Fudge Vegan Vanilla,0
1985,CF sweets £1.60,6
1987,CF sweets £1.30,6
1989,Barneys Pontefract Cakes,0
242,Roast Potato Oil,0
389,Beef dripping,0
584,MB Salad Dressing,18
965,Honey and Mustard Dressi,0
975,Pesto Classic/sun-dried,12
977,Gourmet Pork Pate,3
999,Cornish Seasalt 1 Gift P,0
1032,MB Salad Dressing ,0
1039, Reggae Reggae,0
1090,Schwartz Curry Sauce,0
1144,Garlic Bread Dipper,6
1167,Free&Easy Soup,0
1178,Piri Piri Chip Salt,0
1195,Balti Sauce,0
1256,Honey Mustard CL BBQ ,4
1258,Korma,0
1260,Creamy Chicken Herb 40g ,0
1267,All Tinned Soup,9
1434,CL Bloody Mary,7
1470,Chilli Bread Dipper,5
1643,Organic Baked Beans,0
1677,Sunflower oil,4
1723,FV Cider vinegar,11
1744,Smoked Salt,0
1829,CSC Madras,1
1835,Mr Organic Baked Beans,22
618,Proper Black,0
649,Keltek Beheaded,6
752,Tribute 500ml ,12
766,Doom Bar,4
776,Summer's Cauldron,0
779,Skinners Brewery,0
842,St AB Hicks 500ml,12
845,Skinners Lushingtons,0
849,Dynamite ALL,46
896,Keltek Golden Lance,0
933,,0
1048,Dry Cider REDUCED,0
1052,Keltek King Bitter,0
1287,Meor,0
1528,Gunner Saint,0
1536,Keltek Gift Box,0
1748,St Ives 330ml,97
1750,St Ives glass,1
1917,,0
1997,All St Austell Brewery 5,32
91,Knightor Pinot Noir,30
748,SeaChange Pinot Grigio,0
781,Camel Valley Brut Sparkl,23
783,Knightor Carpe Diem Dry,24
785,Havoc & Harmony S Blanc,0
788,Altozano Tempranillo,0
798,Growers Gate Chardonnay,0
809,Prosecco,5
823,Polgoon Red Rondo,0
841,CL Straw Liqueur 10CL,0
918,CV Sparkling Red,5
1000,Cornish Mead Wine,0
1043,CD - Fudge Liqueur 70CL,0
1069,Primi Soli Pinot Grigio,0
1071,SeaChange NZ,0
1112,CN Chocolate Cream 70CL,0
1139,Pear Mead,0
1159,Polgoon Seyval Blanc,0
1266,,0
1840,Cape Cornwall White Rum ,5
1853,Pierre lacasse sauvignon,15
1855,Joey brown soft red,4
1857,Tiempo tierra tempranill,11
1859,Romeo & Juliet prosecco,10
1861,Pinot grigio della verne,12
1863,D'Abruzzo montepulciano,3
1865,Coto mayor ciranza,5
1867,Salice salentino riserva,9
1869,Williams Grove White,17
1872,One 4 one prosecco bottl,16
1952,Beaujolais nouveau,5
580,AD Xmas Vodka 70cl,0
679,5cl Spicy Dicks,5
730,Aval Dor Citrus 70cl,6
759,AD Original Gin M,0
761,Aval Dor Vodka 70cl,7
763,AD Dry Gin 70cl,5
765,Aval Dor Seaberry 35cl,0
771,AD Gin Rhub 35cl,0
773,AD Spiced 35cl,0
790,AD Gin Rhub 5cl,4
792,Aval Dor Seaberry 5cl,16
795,Aval Dor Seaberry 70cl,6
805,CM Sticky Toffee 50cl,10
807,CM Outlaw Orange 50cl,0
814,Moonshine Apple 10cl,9
816,Moonshine Devil W 10cl,9
820,SFC Rum ,0
827,AD Spiced Gin 70cl,8
829,AD Vodka Vanilla 5cl,3
836,Vesper Martini,0
838,Spiced Gin Sour,5
862,Aval Dor Gin 35CL Origi,6
864,Aval Dor Dry Gin 35CL,0
866,Aval Dor Vodka 35CL,0
934,Gift Box Distillery,10
1251,Xmas Spiced AD Gin 35CL,9
1272,8Track - 5cl,3
1274,8Track Gift Box,5
1395,Barrel Aged Vodka 5cl,6
1552,Barrel Aged Vodka,0
1572,FreePromoXmasPudVod5cl,0
1624,Distillery Gift Box,0
1896,Spicy Dick's,3
1981,FREE DISTILLERY GLASS,0
1983,Gin mini set,0
27,FV Rose vintage cider sp,7
59,Cider brandy 1yr,5
63,Limoncello 500ml,2
699,0% Rattler,0
734,Verdant Lightbulb 440ml ,0
768,CO Hedgerow,0
801,CO Heritage,0
818,Polgoon Mulled Cider,0
839,CD Fudge 10CL,0
1382,,0
62,Candles - Melts,20
68,Yellow hen,14
99,Wicker Basket,0
363,B Beeswax Handcream,5
421,B Calendula Cream,5
474,B Lip Rescue ,11
476,B Peppermint FootCream,8
478,B Rose Face Moist,6
587,B Dog Walking GIFT,5
627,B Walking GIFT,5
702,Homeware,0
715,Bad boy chilli gift set,0
717,"Jam, Chutney and Marmala",0
740,HamperAlcohol £35,0
742,HamperAlcohol £60,0
922,Hot Chocolate Spoons Gif,0
1227,Cookie/Brownie Jar,0
121,Honey Small Jar,34
129,CK smoky garlic mayo,3
341,Chipotle Mayo,0
360,Honey,7
373,Peanut Butter Smooth,10
416,Classic Mayo,5
446,Peanut Butter Crunchy,5
706,Fish4ever Sardines,4
834,Darlington Hollandaise,0
904,Fredas Winter Spice Pean,2
1100,Drivers (All Varieties),58
1225,SDC Apple Jelly,6
1265,Tiptree Mango Chutney,0
1329,Cornish Pickled Onions,0
1359,Boddingtons blackberry 3,0
1361,Boddingtons 340g,0
1373,CL Ale Chutney,6
1406,HB Jail Ale Mustard,0
1431,Boddington Cherry,6
1472,Darlington Toffee Apple,7
1522,XXL Pickled Onions,0
1620,Cranberry Sauce 340g,5
1642,Organic Golden Syrup,0
1708,Corn Lard Chilli Jam 227,8
1725,Boddingtons marmalade 22,8
1881,OV English Mustard,4
1883,Stokes Tartare Sauce,0
1908,HB Bacon & Chorizo,0
1943,TPW Pilchards 100g,14
1960,Mutti Bolognaise,3
94,Furniss cheddar biscuits,5
246,Farmhouse GF Choc Hznut ,0
329,Popti Snaps Ched&Onion,0
338,Furniss Choc Shortbread,0
351,Furniss Cornish Fairings,6
370,Clotted Cream shortbread,0
437,"Popti Snaps BO,Ch,Gar",0
441,Popti Seasalt Thins,7
443,Popti Rosemary Thins,6
619,Teoni Dipped Cookies,12
634,Teoni WinterEdition 375g,0
636,Teoni W/Choc&Rasp 200g,0
642,Popti Selection Box,0
718,Simply Cornish CC Biscui,0
723,Simply Cornish Strawberr,0
737,Mrs C Big Choc Macaroons,19
831,Bear  Biscuits,4
861,Teoni ChristmasSelection,0
967,GF Choc Crunch,0
1037,Nairns Oatcake,6
1040,Grissini Breadsticks,0
1128,Furniss Strawberry Short,7
1179,Farmhouse Lemon Biscuits,0
1194,Furniss- Fairings,2
1253,Furniss CC Shortbre,10
1338,Crimbles Jam Rings,17
1399,Fionagh's Sourdough,0
1430,Furniss Love Cookie,0
1506,Popti Snaps Beetroot&car,0
1508,Popti Snaps Black Pepper,0
1521,Nairns Rosemary & SS,6
1525,Gingerbread - Halloween,0
1543,WC Beetroot Biscuits,0
1590,Teoni Dark Choc & H/comb,0
1610,WCL Nibbles,22
1613,WCL Straws,9
1639,PY Sourdough Flatbread,0
1758,Gingerbread Chick,1
1841,Crimbles Bakewell Slices,3
1910,FH Milk Choc Oat Bics,15
1936,Teoni mixed box 400g,6
1942,NAIRNS Caramelised Onion,0
1961,Tin Shortbread,0
1968,Teoni's Apple Pie Oat,4
1970,Broccoli Chips GG,0
1996,Nain's Mixed Berry Bisc,11
107,Bojanges Pink 36g,14
196,MooFree Buttons,11
353,Kernow Chocolate Mint,0
466,,0
534,KC Easter Bar,0
810,Forest Feast Gift Cube,5
912,,0
928,,0
959,,0
993,Josh's buttons,67
995,JCB Choc Seasalt Caramel,0
1015,JCB Orange Almond,25
1162,,0
1235,Choc Coins,0
1240,,0
1262,Kernow Billionaires Shor,0
1296,Aero Snowbubbles,0
1355,Dairy Milk Bar,34
1410,SDCF Chilli Choc 80g,0
1510,FF Dark Choc Cherry Sour,1
1513,Moo-Free Salt Caramel,0
1637,Moo Free Mini Choc Bar,16
1806,FF P/nut&Choc Dates,3
1809,Kallo M/ Choc Rice Cakes,0
1833,KC Floral Thins,0
1897,FF Choc Orange Almonds,7
1945,Kernow Banoffee,0
1994,BM Blast Choccy Bar,10
194,WalnutTree Tray Nuts,0
298,,0
318,Hot Choccy Bombe,8
334,,0
582,,0
650,Buttermilk choccy truffl,0
901,Gingerbread Fudge 100g,0
903,Cornish Orchards Mulled ,0
906,Furniss - Gold Gingerbre,0
908,Furniss - Bronze  Choc G,0
914,Christmas Hamper £35,0
916,Christmas Hamper £80,0
923,Spiced Gin,0
935,Christmas Hamper £25,0
979,Valentines Meal Rump,0
1050,Christmas Card,0
1099,Christmas Sweets Tin,0
1105,Wreath medium,0
1107,Lindt Bear 100g (Lrg),0
1109,Moo Free Santa Original,0
1156,Christmas Pudding Small ,0
1237,FH Xmas Cat Tin 225g,0
1289,Snowman Choc Lolly,0
1531,BM Candy Cane Fudge,0
1533,Filberts OrangeChoc Nuts,0
1535,Kernow Xmas S.Apple Crum,0
1538,Furniss Xmas CC Box,0
1544,Jelly Pops,0
1555,BM Mince Pie Fudge,0
1559,CL caramel sauce,0
1575,Gluten Free Xmas Hamper,0
1615,Mistletoe,0
1651,Wreath Large,0
140,Mrs D Mint Sauce,8
973,Mrs D's Mint Sauce,13
1035,Mrs D Mustard (All),18
1335,Mrs D Tartare,11
15,Cornish Gouda Semi,0
23,Cornish Yarg,8
29,The Truffler,4
31,Boy Laity,4
34,Cornish Crumbly ,0
36,Trelawney,0
38,Keltic Gold,0
40,Cornish cheddar waxed,5
42,Cornish Gouda Honey + C,0
45,Davidstow Crackler 250g,0
332,Cornish yarg weighed,0
347,Davidstow 36 months,16
487,Halloumi cheese,7
621,,0
688,Cornish Brie,0
920,Cheese Hamper £30,0
1068,Cornish Smuggler,0
1283,Gouda Italian Herbs,0
1371,Cornish Gouda Mature,0
1462,Cornish Smuggler,0
1704,Smoke N Jack,0
1848,Smokey Duke,0
1899,Goats Cheese,0
93,All Burts 150g,38
96,COS Honey Cashews,0
108,PPC 3L crackling,2
321,Mr Filberts 40g,0
518,PPC Crackling 55g,78
617,Proper Job Nuts,0
682,Pepper cashews,0
696,Burts 150gChilli&Lime,0
735,DJ&A Sugar Snap Peas,25
900,Chilli Crackers,6
913,Mr F's Black Truffle100,0
969,Filberts SS Mixed nuts,0
1011,Burts 50g chilli&lime,0
1125,Scratchings Refill,0
1189,Burts Beef 150g,0
1271,Burts Lentil Crisps,0
1277,Winter Mix,0
1397,Banana chips,0
1479,PPC Seasalt 1.5L,0
1489,Burts sweet chilli 150g,0
1609,FF Natural Mixed Nuts,0
1781,Bombay HOT,0
1803,DJ&A M/room Crisps,26
1843,Kallo Lightly Salted,2
1849,Burts beef&mustard ridge,0
1874,Peanut and raisins,0
1889,DJ&A Broccoli Florets,26
1916,Eat Real Veggie Straws,0
1990,TMB Salami 70g,0
1002,Hot Chocolate ,0
1004,Mocca,0
1006,Latte,0
1008,White Coffee,0
1012,CUPS,0
1014,LIDS,0
,MILK etc,0
1152,KF Wrap £3.80,19
1173,,0
1268,,0
1384,,0
1386,,0
1391,,0
1468,,0
1483,,0
1494,,0
1499,,0
1579,Potato salad,0
1644,,0
1647,,0
1649,,0
1658,,0
1660,,0
1662,,0
1664,,0
1666,,0
1681,Street Food Soup ,0
1690,,0
1694,KF Sub 4.10,0
1700,Sandwich £3.50,0
1712,,0
1714,,0
1746,Sandwich £3.40,0
1752,,0
1800,Sandwich £3.60,0
1846,KF Scotch egg,0
1879,KF granola pots,0
1134,Discount CFK Millionaire,0
1290,Baileys Cake Bar,8
1392,CFK Brownie Sberry,0
1598,CFK Pear & Ginger,0
1617,Ginger Cake,0
1683,,0
1685,,0
1687,,0
1737,DC Cheesecakes,0
1756,,0
1777,,0
1792,,0
1820,DC Bomb,0
1875,Sml EasterEgg Cheesecake,0
1939,DC Spooky Cupcakes ,0