Record,Name,Price1L1,Tax Rate Link,PRICE NO VAT,PRICE WITHOUT MARK UP WITHOUT VAT
1,1L Semi Milk (Green),1.8,1,1.80,1.26
2,1L Whole Milk (Blue),1.8,1,1.80,1.26
3,2L Semi Milk (Green),2.3,1,2.30,1.61
4,2L Whole Milk (Blue),2.3,1,2.30,1.61
5,250g Butter Unsalted,3.3,1,3.30,2.31
6,250g Butter Salted,3.3,1,3.30,2.31
7,200g Clotted Cream,2.85,1,2.85,2.00
8,Seasisters Tin,9.99,1,9.99,6.99
9,Alpro Soya Milk,2.5,1,2.50,1.75
10,Cornish Blue 175g,4.5,1,4.50,3.15
11,Turkey Balance,0,1,0.00,0.00
12,114g Clotted Cream ,1.3,1,1.30,0.91
13,Trewithen Greek Yoghurt,2.1,1,2.10,1.47
14,1L Skim Milk (Red),1.8,1,1.80,1.26
15,Cornish Gouda Semi,4.99,1,4.99,3.49
16,2L Skim Milk (Red),2.3,1,2.30,1.61
17,Almond Milk,2.69,1,2.69,1.88
18,Oat Milk,2.75,1,2.75,1.93
19,Trink 1L,1.95,1,1.95,1.37
20,Trink 2L,3.75,1,3.75,2.63
21,Brie Wedge,3.35,1,3.35,2.35
22,FH Butterscotch ,2.15,3,1.79,1.25
23,Cornish Yarg,3.5,1,3.50,2.45
24,Davidstow Classic,3.75,1,3.75,2.63
25,BTT  Ca RedOn Gt Quiche,3,1,3.00,2.10
26,FV Vintage cider sparkli,17.5,3,14.58,10.21
27,FV Rose vintage cider sp,17.99,3,14.99,10.49
28,Small flavoured yoghurt,0.55,1,0.55,0.39
29,The Truffler,3.9,1,3.90,2.73
30,Miss Wenna,3.9,1,3.90,2.73
31,Boy Laity,3.9,1,3.90,2.73
32,Nanny Florrie,5.19,1,5.19,3.63
33,Trewithen Spreadable,3.4,1,3.40,2.38
34,Cornish Crumbly ,0,1,0.00,0.00
35,Miss Muffet,11.5,1,11.50,8.05
36,Trelawney,11.5,1,11.50,8.05
37,Nanny Muffet,0,1,0.00,0.00
38,Keltic Gold,0,1,0.00,0.00
39,Cornish Jack,6.2,1,6.20,4.34
40,Cornish cheddar waxed,6.2,1,6.20,4.34
41,Davidstow Crackler 200g,3.9,1,3.90,2.73
42,Cornish Gouda Honey + C,4.99,1,4.99,3.49
43,Cornish Gouda Cumin ,4.99,1,4.99,3.49
44,Beef Gravy Granules,1.89,1,1.89,1.32
45,Davidstow Crackler 250g,4.99,1,4.99,3.49
46,Davidstow 60 Month,7.5,1,7.50,5.25
47,BTT Roasted Red Pep Pest,3,1,3.00,2.10
48,Duchy flagon cider 1 ltr,7.5,3,6.25,4.38
49,Wild Garlic Pesto,6,1,6.00,4.20
50,Zeno 0% Wine,11.99,3,9.99,6.99
51,Lrg Granary Sliced Bread,3.25,1,3.25,2.28
52,Lrg White Sliced Bread,2.6,1,2.60,1.82
53,2 pack Baps,1.6,1,1.60,1.12
54,4 pack Saffron Buns,3.5,1,3.50,2.45
55,Lrg Sugared Doughnut,1.7,1,1.70,1.19
56,Danish,1.7,1,1.70,1.19
57,4 pack Scones,3.75,1,3.75,2.63
58,Proper Job 0.5% Alc,2.5,3,2.08,1.46
59,Cider brandy 1yr,26.99,3,22.49,15.74
60,Cider brandy 50ml,5.5,3,4.58,3.21
61,B-Skincare,0,3,0.00,0.00
62,Candles - Melts,8,3,6.67,4.67
63,Limoncello 500ml,26.99,3,22.49,15.74
64,Hedgehog,22.99,3,19.16,13.41
65,Spring Greens,0.99,1,0.99,0.69
66,Mince pies,5.5,1,5.50,3.85
67,Kitchen Roll,3.5,1,3.50,2.45
68,Yellow hen,19,3,15.83,11.08
69,Fruit Cake,3.95,1,3.95,2.77
70,Halzephron Dressing,5.5,1,5.50,3.85
71,Cherry Cake,3.95,1,3.95,2.77
72,Feeding pheasant,25,3,20.83,14.58
73,Mena Dhu,3.5,3,2.92,2.04
74,Hot Cross Buns (4),3,1,3.00,2.10
75,Furniss Lemon Shortbread,3.6,1,3.60,2.52
76,Delphi Houmous,1.35,1,1.35,0.95
77,Candles - Glass,14,3,11.67,8.17
78,Candles - Refill,12,3,10.00,7.00
79,January King,1.5,1,1.50,1.05
80,TEST 1p,0.01,1,0.01,0.01
81,Clementines,4.62,1,4.62,3.23
82,Cherry Vine Tomatoes,14.48,1,14.48,10.14
83,COS Wasabi Peanuts,5.5,3,4.58,3.21
84,Innocent Hound - Dog,3.69,1,3.69,2.58
85,Long grain rice 500g,1.3,1,1.30,0.91
86,Colwith Starch Bags,0.2,1,0.20,0.14
87,Sausages Pearce's,4.5,1,4.50,3.15
88,Burgers Pearces,4.4,1,4.40,3.08
89,Mrs D B/root Ketchup,3.3,1,3.30,2.31
90,CF Sweets Â£3.00,3,3,2.50,1.75
91,Knightor Pinot Noir,21,3,17.50,12.25
92,Unsmoked Bacon,0,1,0.00,0.00
93,All Burts 150g,2.25,3,1.88,1.31
94,Furniss cheddar biscuits,3.99,1,3.99,2.79
95,COS Pepper Cashews,5.5,3,4.58,3.21
96,COS Honey Cashews,5.5,3,4.58,3.21
97,COS Smoked Almonds,5.5,3,4.58,3.21
98,JK Sausages Pork,3.89,1,3.89,2.72
99,Wicker Basket,10,1,10.00,7.00
100,Alert pheasant,25,3,20.83,14.58
101,Asparagus British,7.5,1,7.50,5.25
102,Yellow Courgette,7.5,1,7.50,5.25
103,Corn Lard Onion & Ale,5.3,1,5.30,3.71
104,Sweets Â£2.80,2.8,3,2.33,1.63
105,10kg Washed Melody,6.99,1,6.99,4.89
106,25kg Washed Melody,13.5,1,13.50,9.45
107,Bojanges Pink 36g,7.75,3,6.46,4.52
108,PPC 3L crackling,29.99,1,29.99,20.99
109,15kg Baking BOX Potatoes,13.99,1,13.99,9.79
110,Individual Baking Potato,0.5,1,0.50,0.35
111,750g Pre-prepared Chips,1.5,1,1.50,1.05
112,5kg Wilja,3.99,1,3.99,2.79
113,25kg Wilja,12.99,1,12.99,9.09
114,12.5kg Wilja,7.99,1,7.99,5.59
115,Bojangles Gold 135g,13.79,3,11.49,8.04
116,Dried apricots,2.55,1,2.55,1.79
117,Honey clusters,2.15,1,2.15,1.51
118,Milkshake Carton,1.4,1,1.40,0.98
119,Pearl barley,0.95,1,0.95,0.67
120,Folk Rhub& Apple Can,1.5,3,1.25,0.88
121,Honey Small Jar,6.99,1,6.99,4.89
122,Knightor Portscatho,21.5,3,17.92,12.54
123,Dry Gin Refill Pouch,40,3,33.33,23.33
124,PLU,0,1,0.00,0.00
127,CP Orange,1.5,3,1.25,0.88
128,Jude's Custard (both),3.49,1,3.49,2.44
129,CK smoky garlic mayo,4.2,1,4.20,2.94
130,WOOL Firelighters,6.99,3,5.83,4.08
131,BTT Steak Pasty,3.99,1,3.99,2.79
132,BTT Cheese onion Pasty,3.99,1,3.99,2.79
133,BTT Steak Ale Mshr Pie,4.25,1,4.25,2.98
134,BTT Sausage Rolls,3.7,1,3.70,2.59
135,BTT Bac Ch Quiche,3.25,1,3.25,2.28
136,BTT Fudge Slice,1.99,1,1.99,1.39
137,BTT Millionaires Slice,1.99,1,1.99,1.39
138,BTT Carrot Cake,1.99,1,1.99,1.39
139,BTT Plain Scone,2.99,1,2.99,2.09
140,Mrs D Mint Sauce,2.85,1,2.85,2.00
141,PLU,0,1,0.00,0.00
142,PLU,3.5,3,2.92,2.04
143,Big Job,3.5,3,2.92,2.04
144,PLU,0,1,0.00,0.00
145,PLU,0,1,0.00,0.00
146,PLU,0,1,0.00,0.00
147,PLU,0,1,0.00,0.00
148,PLU,0,1,0.00,0.00
149,PLU,0,1,0.00,0.00
150,PLU,0,1,0.00,0.00
151,Unsmoked Bacon,2.99,1,2.99,2.09
152,JK Burgers,0,1,0.00,0.00
153,Hogs Pudding,0,1,0.00,0.00
154,PLU,0,1,0.00,0.00
155,Chicken Fillet (2),0,1,0.00,0.00
156,Ham,0,1,0.00,0.00
157,Smoked Bacon,0,1,0.00,0.00
158,Mince kittows,0,1,0.00,0.00
159,BBQ Pack ,9.95,1,9.95,6.97
160,PLU,0,1,0.00,0.00
161,Streaky Bacon,0,1,0.00,0.00
162,Steak Rump ,0,1,0.00,0.00
163,Whole Chicken,0,1,0.00,0.00
164,Spare Ribs BBQ Glazed,0,1,0.00,0.00
165,Cooked beef,0,1,0.00,0.00
166,Cooked turkey,0,1,0.00,0.00
167,Garlic Butter Chicken,0,1,0.00,0.00
169,Lamb Chops,0,1,0.00,0.00
170,Sausage meat,3.5,1,3.50,2.45
171,Gammon Steak,0,1,0.00,0.00
172,PLU,0,1,0.00,0.00
173,Steak and Ale Pie,3.35,1,3.35,2.35
174,Chicken and Ham Pie,3.35,1,3.35,2.35
175,Steak and Kidney Pie,2.99,1,2.99,2.09
176,Pigs in blankets (10),4.99,1,4.99,3.49
191,Chinese Chicken,0,1,0.00,0.00
192,BBC Veg Crisps,3.25,1,3.25,2.28
193,Candy Can Mallow Drink,1.19,3,0.99,0.69
194,WalnutTree Tray Nuts,11.99,1,11.99,8.39
195,Farmhouse Non Choc Biccy,2.15,1,2.15,1.51
196,MooFree Buttons,1.2,3,1.00,0.70
197,MooFree Choccy Rocks,1.75,3,1.46,1.02
198,PLU,0,1,0.00,0.00
199,PLU,0,1,0.00,0.00
200,PLU,0,1,0.00,0.00
201,Apple,3.3,1,3.30,2.31
202,Banana,2.31,1,2.31,1.62
203,PLU,0,1,0.00,0.00
204,Bolognese Seasoning,1.69,1,1.69,1.18
205,PLU,0,1,0.00,0.00
206,Large Orange,0.8,1,0.80,0.56
207,Raspberries,3.2,1,3.20,2.24
208, Peaches,0.95,1,0.95,0.67
209,Nectarines,0.95,1,0.95,0.67
210,PLU,0,1,0.00,0.00
211,Cherries ,1.6,1,1.60,1.12
212,Bramley apples ,3.15,1,3.15,2.21
213,Watermelons,3.99,1,3.99,2.79
214,Lemon,0.45,1,0.45,0.32
215,Lime,0.39,1,0.39,0.27
216,Pineapple,1.5,1,1.50,1.05
217,Grapes,3.5,1,3.50,2.45
218,Blueberries,2.5,1,2.50,1.75
219,Wreath Small,10.5,1,10.50,7.35
220,Pears,0.5,1,0.50,0.35
221,Oranges Whole,0.63,1,0.63,0.44
222,Honeydew Melon,1.99,1,1.99,1.39
223,Rhubarb,15.9,1,15.90,11.13
224,English Strawberries,3.75,1,3.75,2.63
225,Mango,1.99,1,1.99,1.39
226,Gammon Joint,0,1,0.00,0.00
227,1kg washed melody,1.2,1,1.20,0.84
228,PLU,0,1,0.00,0.00
229,PLU,0,1,0.00,0.00
230,PLU,0,1,0.00,0.00
231,PLU,0,1,0.00,0.00
232,PLU,0,1,0.00,0.00
233,PLU,0,1,0.00,0.00
234,PLU,0,1,0.00,0.00
235,PLU,0,1,0.00,0.00
236,PLU,0,1,0.00,0.00
237,PLU,0,1,0.00,0.00
238,PLU,0,1,0.00,0.00
239,PLU,0,1,0.00,0.00
240,PLU,0,1,0.00,0.00
241,PLU,0,1,0.00,0.00
242,Roast Potato Oil,5.85,1,5.85,4.10
243,PLU,0,1,0.00,0.00
244,PLU,0,1,0.00,0.00
245,Duck Pate,4.99,1,4.99,3.49
246,Farmhouse GF Choc Hznut ,1.79,1,1.79,1.25
247,PLU,0,1,0.00,0.00
248,PLU,0,1,0.00,0.00
249,DISCOUNTED Bananas,1,1,1.00,0.70
250,Strawberries Sweets,1.2,1,1.20,0.84
251,Ginger,5.1,1,5.10,3.57
252,Carrots,1.32,1,1.32,0.92
253,Cauliflower,1.5,1,1.50,1.05
254,Parsnip,3.75,1,3.75,2.63
255,White Onions,0.9,1,0.90,0.63
256,PLU,0,1,0.00,0.00
257,Swede,1.35,1,1.35,0.95
258,PLU,0,1,0.00,0.00
259,Broccoli,3.85,1,3.85,2.70
260,Butternut Squash,2.2,1,2.20,1.54
261,Pickling Vinegar,3.5,1,3.50,2.45
262,PLU,0,1,0.00,0.00
263,White Cabbage,1.57,1,1.57,1.10
264,Leeks,2.89,1,2.89,2.02
265,PLU,0,1,0.00,0.00
266,Garlic,0.6,1,0.60,0.42
267,Red Cabbage,1.27,1,1.27,0.89
268,Red Onions,2.4,1,2.40,1.68
269,Courgettes,3.75,1,3.75,2.63
270,Sweet Potatoes,3.75,1,3.75,2.63
271,Savoy,1.3,1,1.30,0.91
272,PLU,0,1,0.00,0.00
273,PLU,0,1,0.00,0.00
274,PLU,0,1,0.00,0.00
275,PLU,0,1,0.00,0.00
276,Punnet cherry tomato,1.99,1,1.99,1.39
277,Medium Pumpkin,3.2,1,3.20,2.24
278,Large Pumpkin,3.75,1,3.75,2.63
280,PLU,0,1,0.00,0.00
281,PLU,0,1,0.00,0.00
282,Shallots,2.62,1,2.62,1.83
283,Brussel Sprouts Stalk,2.5,1,2.50,1.75
284,PLU,0,1,0.00,0.00
285,PLU,0,1,0.00,0.00
286,PLU,0,1,0.00,0.00
287,PLU,0,1,0.00,0.00
288,Spinach,2.5,1,2.50,1.75
289,PLU,0,1,0.00,0.00
290,PLU,0,1,0.00,0.00
291,PLU,0,1,0.00,0.00
292,PLU,0,1,0.00,0.00
293,PLU,0,1,0.00,0.00
294,PLU,0,1,0.00,0.00
295,PLU,0,1,0.00,0.00
296,Swede,1.35,1,1.35,0.95
297,PLU,0,1,0.00,0.00
298,PLU,0,1,0.00,0.00
299,PLU,0,1,0.00,0.00
300,PLU,0,1,0.00,0.00
301,Cherry vine tomatoes,7.8,1,7.80,5.46
302,Cucumber,1.35,1,1.35,0.95
303,PLU,0,1,0.00,0.00
304,PLU,0,1,0.00,0.00
305,PLU,0,1,0.00,0.00
306,Spring Onions,0.9,1,0.90,0.63
307,PLU,0,1,0.00,0.00
308,Mushrooms,1.5,1,1.50,1.05
309,Vine Tomatoes,5.47,1,5.47,3.83
310,XL pumpkin,6.75,1,6.75,4.73
311,PLU,0,1,0.00,0.00
312,Celery,1.7,1,1.70,1.19
313,PLU,0,1,0.00,0.00
314,Little Gem Lettuce,1.6,1,1.60,1.12
315,PLU,0,1,0.00,0.00
316,PLU,0,1,0.00,0.00
317,Mr F S C Nuts 75g,1,3,0.83,0.58
318,Hot Choccy Bombe,3.99,3,3.33,2.33
319,Popti Oat Crackers,2.95,1,2.95,2.07
320,Peanut Butter Winter F&S,1,1,1.00,0.70
321,Mr Filberts 40g,1.75,1,1.75,1.23
322,J&S Popcorn,1.99,3,1.66,1.16
323,PLU,0,1,0.00,0.00
324,PLU,0,1,0.00,0.00
325,PLU,0,1,0.00,0.00
326,PLU,0,1,0.00,0.00
327,PLU,0,1,0.00,0.00
328,PLU,0,1,0.00,0.00
329,Popti Snaps Ched&Onion,3.2,1,3.20,2.24
330,Popti Snaps pop&Cayenne,3.2,1,3.20,2.24
331,White Distillery Bags,0.25,1,0.25,0.18
332,Cornish yarg weighed,0,1,0.00,0.00
333,PLU,0,1,0.00,0.00
334,PLU,0,1,0.00,0.00
335,PLU,0,1,0.00,0.00
336,PLU,0,1,0.00,0.00
337,Cornish Gouda fenugreek,4.99,1,4.99,3.49
338,Furniss Choc Shortbread,3.6,3,3.00,2.10
339,Nairn GF Flatbreads,2.75,1,2.75,1.93
340,Potato seasoning ALL,1.6,1,1.60,1.12
341,Chipotle Mayo,2,1,2.00,1.40
342,PLU,0,1,0.00,0.00
343,PLU,0,1,0.00,0.00
344,PLU,0,1,0.00,0.00
345,ASPALL WhiteWine Vinegar,2.09,1,2.09,1.46
346,PLU,0,1,0.00,0.00
347,Davidstow 36 months,5.5,1,5.50,3.85
348,Belvoir Passionfruit,3.99,3,3.33,2.33
349,Belvoir Ginger punch,3.95,3,3.29,2.30
350,PLU,0,1,0.00,0.00
351,Furniss Cornish Fairings,3.2,1,3.20,2.24
352,Homecrafts Jars,3.75,1,3.75,2.63
353,Kernow Chocolate Mint,3.5,3,2.92,2.04
354,Furniss butter fingers,0.65,1,0.65,0.46
355,Large Eggs,1.9,1,1.90,1.33
356,Medium Eggs,1.7,1,1.70,1.19
357,Dulcesol Burger Buns,1.95,1,1.95,1.37
358,Self-Raising Flour,2.25,1,2.25,1.58
359,White Bread Flour,2.79,1,2.79,1.95
360,Honey,8.99,1,8.99,6.29
361,Mrs D R/currant Jelly,2.5,1,2.50,1.75
362,CK Ketchup ALL,4.5,1,4.50,3.15
363,B Beeswax Handcream,9.5,3,7.92,5.54
364,Sea Salt,3.5,1,3.50,2.45
365,Yeast 100g,1.8,1,1.80,1.26
366,PLU,0,1,0.00,0.00
367,Smugglers Brew 40 bags,2.5,1,2.50,1.75
368,Cornish Coffee Ground,5.99,1,5.99,4.19
369,Sugar,1.2,1,1.20,0.84
370,Clotted Cream shortbread,2.39,1,2.39,1.67
371,PLU,0,1,0.00,0.00
372,PLU,0,1,0.00,0.00
373,Peanut Butter Smooth,3.5,1,3.50,2.45
374,PLU,0,1,0.00,0.00
375,Malt Vinegar,3.95,1,3.95,2.77
376,Goose fat,4.95,1,4.95,3.47
377,PLU,0,1,0.00,0.00
378,PLU,0,1,0.00,0.00
379,PLU,0,1,0.00,0.00
380,PLU,0,1,0.00,0.00
381,PLU,0,1,0.00,0.00
382,PLU,0,1,0.00,0.00
383,Milk Chocolate,3.5,3,2.92,2.04
384,Eton Mess Chocolate,3.5,3,2.92,2.04
385,Lemon Meringue Chocolate,3.2,3,2.67,1.87
386,Honeycomb Chocolate,3.5,3,2.92,2.04
387,Orange Chocolate,3.2,3,2.67,1.87
388,Caramel Chocolate,3.1,3,2.58,1.81
389,Beef dripping,3.85,1,3.85,2.70
390,Duck fat 320g,5.89,1,5.89,4.12
391,PLU,0,1,0.00,0.00
392,PLU,0,1,0.00,0.00
393,PLU,0,1,0.00,0.00
394,PLU,0,1,0.00,0.00
395,PLU,0,1,0.00,0.00
396,Garlic Mayo,4,1,4.00,2.80
397,Clotted Cream Fudge,3.5,3,2.92,2.04
398,PLU,0,1,0.00,0.00
399,PLU,0,1,0.00,0.00
400,All Burts 40g,0.99,3,0.83,0.58
401,Cards general,2,3,1.67,1.17
402,Flowers,6.5,3,5.42,3.79
403,Hand Sanitiser 100ml,2.95,3,2.46,1.72
404,Kindling,5.8,2,5.80,4.06
405,PLU,0,1,0.00,0.00
406,PLU,0,1,0.00,0.00
407,Other - 0%,0,1,0.00,0.00
408,PLU,0,1,0.00,0.00
409,PLU,0,1,0.00,0.00
410,Gift Voucher Â£10,10,1,10.00,7.00
411,Gift Voucher Â£20,20,1,20.00,14.00
412,PLU,0,1,0.00,0.00
413,Premium Cards,2.5,3,2.08,1.46
414,PLU,0,1,0.00,0.00
415,MrO Tom/Capers Antipasti,3.99,1,3.99,2.79
416,Classic Mayo,4,1,4.00,2.80
417,Dark Orange Chocolate,3.5,3,2.92,2.04
418,Nairn's Marmite,2.85,1,2.85,2.00
419,Salt and Peppery,5.2,1,5.20,3.64
420,B Beeswax Lip Salve,5,3,4.17,2.92
421,B Calendula Cream,8.5,3,7.08,4.96
422,Gourmico Herbs/Spices,1.65,1,1.65,1.16
423,BTT Shortcrust Pastry,2.99,1,2.99,2.09
424,BTT Vegan Pastry ,2.99,1,2.99,2.09
425,Gouda truffle,6.5,1,6.50,4.55
426,CP Sweet pickle,3.5,1,3.50,2.45
427,PLU,0,1,0.00,0.00
428,BTT Sweet Pastry,2.99,1,2.99,2.09
429,PLU,0,1,0.00,0.00
430,Baking Powder,1.55,1,1.55,1.09
431,PLU,0,1,0.00,0.00
432,24 Firelighters,0.99,2,0.99,0.69
433,PLU,0,1,0.00,0.00
434,Other 20%,0,3,0.00,0.00
435,PLU,0,1,0.00,0.00
436,Kernow choc spoon,2.25,3,1.88,1.31
437,"Popti Snaps BO,Ch,Gar",0.5,1,0.50,0.35
438,Popti Snaps Mature Chedd,3.2,1,3.20,2.24
439,PLU,0,1,0.00,0.00
440,PLU,0,1,0.00,0.00
441,Popti Seasalt Thins,2.95,1,2.95,2.07
442,Popti Seaweed Thins,2.95,1,2.95,2.07
443,Popti Rosemary Thins,2.95,1,2.95,2.07
444,PLU,0,1,0.00,0.00
445,PLU,0,1,0.00,0.00
446,Peanut Butter Crunchy,3.75,1,3.75,2.63
447,PLU,0,1,0.00,0.00
448,PLU,0,1,0.00,0.00
449,Popti Parmesan Thins,2.95,1,2.95,2.07
450,PLU,0,1,0.00,0.00
451,PLU,0,1,0.00,0.00
452,PLU,0,1,0.00,0.00
453,PLU,0,1,0.00,0.00
454,Duck Eggs (6),3.25,1,3.25,2.28
455,Coal 20 KG,7.25,2,7.25,5.08
456,Colwith Jute Bag,3,3,2.50,1.75
457,PLU,0,1,0.00,0.00
458,PLU,0,1,0.00,0.00
459,PLU,0,1,0.00,0.00
460,PLU,0,1,0.00,0.00
461,PLU,0,1,0.00,0.00
462,PLU,0,1,0.00,0.00
463,PLU,0,1,0.00,0.00
464,PLU,0,1,0.00,0.00
465,PLU,0,1,0.00,0.00
466,PLU,3.2,3,2.67,1.87
467,PLU,3.5,3,2.92,2.04
468,PLU,3.2,3,2.67,1.87
469,PLU,3.1,3,2.58,1.81
470,PLU,3.5,3,2.92,2.04
471,Pasta (All),2.15,1,2.15,1.51
472,Pasta Fusilli,2.1,1,2.10,1.47
473,B Gardeners Hand Scrub,8,3,6.67,4.67
474,B Lip Rescue ,5,3,4.17,2.92
475,B Muscle Scrub,11,3,9.17,6.42
476,B Peppermint FootCream,7.5,3,6.25,4.38
477,B Rejuv Face Moist,8.5,3,7.08,4.96
478,B Rose Face Moist,8.5,3,7.08,4.96
479,B Tea Tree Cream,8.5,3,7.08,4.96
480,PLU,1.8,3,1.50,1.05
481,PLU,1.8,3,1.50,1.05
482,PLU,2.25,3,1.88,1.31
483,PLU,1.8,3,1.50,1.05
484,PLU,1.8,3,1.50,1.05
485,PLU,1.8,3,1.50,1.05
486,PLU,0,1,0.00,0.00
487,Halloumi cheese,2.99,1,2.99,2.09
488,PLU,0,1,0.00,0.00
489,PLU,0,1,0.00,0.00
490,PLU,0,1,0.00,0.00
491,PLU,0,1,0.00,0.00
492,PLU,0,1,0.00,0.00
493,PLU,0,1,0.00,0.00
494,PLU,0,1,0.00,0.00
495,PLU,0,1,0.00,0.00
496,PLU,0,1,0.00,0.00
497,PLU,0,1,0.00,0.00
498,Mutti Chopped Tomatoes,1.8,1,1.80,1.26
499,PLU,0,1,0.00,0.00
500,PLU,0,1,0.00,0.00
501,PLU,0,1,0.00,0.00
502,PLU,0,1,0.00,0.00
503,PLU,0,1,0.00,0.00
504,PLU,0,1,0.00,0.00
505,PLU,2.75,1,2.75,1.93
506,PLU,0,1,0.00,0.00
507,PLU,1.4,1,1.40,0.98
508,PLU,1.2,1,1.20,0.84
509,PLU,1.3,1,1.30,0.91
510,PLU,1.2,1,1.20,0.84
511,Pasty Choc ,3.5,3,2.92,2.04
512,PLU,0,1,0.00,0.00
513,PLU,0,1,0.00,0.00
514,PLU,0,1,0.00,0.00
515,PLU,0,1,0.00,0.00
516,PLU,0,1,0.00,0.00
517,PLU,0,1,0.00,0.00
518,PPC Crackling 55g,1.99,1,1.99,1.39
519,PLU,0,1,0.00,0.00
520,PLU,0,1,0.00,0.00
521,PLU,0,1,0.00,0.00
522,Honey comb PURE,9.99,1,9.99,6.99
523,Salt Pinch Pot Mini's,3.25,1,3.25,2.28
524,PLU,0,1,0.00,0.00
525,PLU,0,1,0.00,0.00
526,PLU,0,1,0.00,0.00
527,PLU,0,1,0.00,0.00
528,PLU,0,1,0.00,0.00
529,PPC Crackling 1.5L,13,1,13.00,9.10
530,PLU,0,1,0.00,0.00
531,PLU,0,1,0.00,0.00
532,PLU,0,1,0.00,0.00
533,PLU,0,1,0.00,0.00
534,KC Easter Bar,3.5,3,2.92,2.04
535,Lollipop Choc Chick,2.75,3,2.29,1.60
536,BM Easter Egg Fudge,3.5,3,2.92,2.04
537,Buttermilk Egg & Soldier,7.95,3,6.63,4.64
538,PLU,0,1,0.00,0.00
539,PLU,0,1,0.00,0.00
540,PLU,0,1,0.00,0.00
541,PLU,0,1,0.00,0.00
542,Lindt Choc Eggs,2.99,3,2.49,1.74
543,Lindt Bunnies,2.99,3,2.49,1.74
544,PLU,0,1,0.00,0.00
545,Cawston Press Apple Juic,3.69,3,3.08,2.15
546,PLU,0,1,0.00,0.00
547,PLU,0,1,0.00,0.00
548,PLU,0,1,0.00,0.00
549,PLU,0,1,0.00,0.00
550,PLU,0,1,0.00,0.00
551,PLU,0,1,0.00,0.00
552,PLU,0,1,0.00,0.00
553,PLU,0,1,0.00,0.00
554,PLU,0,1,0.00,0.00
555,PLU,0,1,0.00,0.00
556,Spring Water (Still),0.65,3,0.54,0.38
557,Spring Water (Sparkling),0.65,3,0.54,0.38
559,PLU,0,1,0.00,0.00
560,PLU,3.5,1,3.50,2.45
561,PLU,3.5,1,3.50,2.45
562,PLU,3.5,1,3.50,2.45
563,PLU,3.5,1,3.50,2.45
564,PLU,5.79,1,5.79,4.05
565,PLU,1.25,1,1.25,0.88
566,PLU,1.25,1,1.25,0.88
567,Premium Indian Tonic 200,1.25,3,1.04,0.73
568,Elderflower tonic 200ml,1,3,0.83,0.58
569,Premium Indian Tonic 500,2.49,3,2.08,1.45
570,Med Tonic 200ml,1.25,3,1.04,0.73
571,PLU,0,1,0.00,0.00
572,PLU,0,1,0.00,0.00
573,PLU,0,1,0.00,0.00
574,PLU,0,1,0.00,0.00
575,Cornish Orchards Cans,1.5,3,1.25,0.88
576,Cawston Press Cartons,1.1,3,0.92,0.64
577,PLU,1.1,1,1.10,0.77
579,Peninsula Smoked Cheese,4.25,1,4.25,2.98
580,AD Xmas Vodka 70cl,44,3,36.67,25.67
581,AD Xmas Gin 70cl,43,3,35.83,25.08
582,PLU,3.5,3,2.92,2.04
583,Mulled Wine,11.5,3,9.58,6.71
584,MB Salad Dressing,3.5,1,3.50,2.45
585,PLU,0,1,0.00,0.00
586,Salted Caramel Sauce,3.79,3,3.16,2.21
587,B Dog Walking GIFT,16.5,3,13.75,9.63
588,B Gardening GIFT,19,3,15.83,11.08
589,BombayMix250g,1.25,3,1.04,0.73
590,Salted Pretzels,1.9,3,1.58,1.11
591,Organic Green Lentils,1.7,1,1.70,1.19
592,S/Cara Mini Eggs,5.45,3,4.54,3.18
593,Gingerbread Bunnies,1.65,1,1.65,1.16
594,PLU,0,1,0.00,0.00
595,KC Milk Egg,9.25,3,7.71,5.40
596,Choc Chick Nets 100g,2.3,3,1.92,1.34
597,KC Honeycomb Egg,9.25,3,7.71,5.40
598,KC Caramel SS Egg,9.25,3,7.71,5.40
599,Choc H/Nut Eggs 84g,2.1,3,1.75,1.23
601,Medium Steak Pasties (3),11,1,11.00,7.70
602,Medium Cheese and Onion ,11,1,11.00,7.70
603,Medium Sausage rolls (5),5,1,5.00,3.50
604,Vanilla 500ml,4.99,3,4.16,2.91
605,Strawberry 500ml,4.99,3,4.16,2.91
606,Callestick Choc F 500ml,4.99,3,4.16,2.91
607,Callestick Vanilla 125ml,2.5,3,2.08,1.46
608,Callestick 125ml,2.5,3,2.08,1.46
609,Callestick Mint CC 125ml,1,3,0.83,0.58
610,Callestick 500ml,4.99,3,4.16,2.91
611,Callestick Choc Fdg 125m,2.5,3,2.08,1.46
612,Callestick Blood Org 125,2.5,3,2.08,1.46
613,Granny Lemonade Delipops,1.7,3,1.42,0.99
614,Callestick Seasalt 125ml,2.5,3,2.08,1.46
615,Callestick Honeycomb 125,2.5,3,2.08,1.46
616,Callestick Honeycomb 500,4.99,3,4.16,2.91
617,Proper Job Nuts,0.99,3,0.83,0.58
618,Proper Black,3,3,2.50,1.75
619,Teoni Dipped Cookies,4.75,3,3.96,2.77
620,Folkingtons Orange 1L,5.49,3,4.58,3.20
621,PLU,0,1,0.00,0.00
622,Teoni White and C/berry,4.75,3,3.96,2.77
623,Barista Coffee(iced),1,1,1.00,0.70
624,Roddas cream 142g,1.45,1,1.45,1.02
625,Knightor Madeleine,17.99,3,14.99,10.49
626,FT Lemonade 500ml,2.49,1,2.49,1.74
627,B Walking GIFT,16.5,3,13.75,9.63
628,Monster Ultra,1.55,3,1.29,0.90
629,CC Cheese Slices,2.5,1,2.50,1.75
630,Satsumas/Nadorcotts,3.3,1,3.30,2.31
631,JK Hogs Pudding,3.2,1,3.20,2.24
632,Bottle Milkshake,2.25,1,2.25,1.58
633,Burts Pigs in Blankets,0.99,3,0.83,0.58
634,Teoni WinterEdition 375g,7.99,3,6.66,4.66
635,Teoni Shortbread 375g,6.95,3,5.79,4.05
636,Teoni W/Choc&Rasp 200g,5.75,3,4.79,3.35
637,Teoni Dipped Box 400g,8.45,3,7.04,4.93
638,CC Pulled Pork,5.85,1,5.85,4.10
639,CC Salmon Pate,5.85,1,5.85,4.10
640,CC Venison Rillette,5.85,1,5.85,4.10
641,Boddingtons Choc Orange ,2,1,2.00,1.40
642,Popti Selection Box,6.99,1,6.99,4.89
643,Buttermilk Truffles,3.9,3,3.25,2.28
644,PLU,0,1,0.00,0.00
645,PLU,0,1,0.00,0.00
646,Belvoir E/flower & Rose,3.99,3,3.33,2.33
647,Pea shoots,2,1,2.00,1.40
648,Keltek Brewery,3.5,3,2.92,2.04
649,Keltek Beheaded,3.5,3,2.92,2.04
650,Buttermilk choccy truffl,3.9,3,3.25,2.28
651,Whole Brazil 125g,1.95,1,1.95,1.37
652,Cashews R&S 80g,1.9,3,1.58,1.11
653,Desiccated Coconut,1,1,1.00,0.70
654,Flaked Coconut 250g,2.3,1,2.30,1.61
655,Milk& Dark Choc Brazils,1.75,3,1.46,1.02
656,Milk Choc Honeycomb 125g,1.6,3,1.33,0.93
657,Dry Roast Peanuts 60g,0.75,3,0.63,0.44
658,Peanuts R&S 100g,0.85,3,0.71,0.50
659,Pineapple Cubes 250g,2.05,1,2.05,1.44
660,Raisins 250g,1.25,1,1.25,0.88
661,Sugared Almonds,1.6,3,1.33,0.93
662,Goldenfry Granules,1.95,1,1.95,1.37
663,Cornflour 125g,0.7,1,0.70,0.49
664,Dark Muscovado 500g,2,1,2.00,1.40
665,demerara sugar 500g,1.55,1,1.55,1.09
666,Homeware General,0,3,0.00,0.00
667,Red Lentils 500g,1.15,1,1.15,0.81
668,Yeast,1.8,1,1.80,1.26
669,Long Grain Rice 1kg,2.3,1,2.30,1.61
670,Sage and Onion Stuffing ,1.85,1,1.85,1.30
671,Jumbo Oats 1kg,1.85,1,1.85,1.30
672,Regular Porridge Oats 1k,1.85,1,1.85,1.30
673,Soft Brown Sugar 500g,1.89,1,1.89,1.32
674,Golden Breadcrumbs 150g,0.75,1,0.75,0.53
675,green lentils ,1.5,1,1.50,1.05
676,couscous,1.75,1,1.75,1.23
677,chickpeas,1.5,1,1.50,1.05
678,kidney beans ,1.85,1,1.85,1.30
679,5cl Spicy Dicks,6,3,5.00,3.50
680,chilli powder,0.49,1,0.49,0.34
681,Saffron ,3.5,1,3.50,2.45
682,Pepper cashews,7.99,3,6.66,4.66
683,Honey cashews,7.99,3,6.66,4.66
684,Hispi Cabbage,1.2,1,1.20,0.84
685,Eat Natural Reduced,0.45,1,0.45,0.32
686,DFC 50g The Mix,4.25,1,4.25,2.98
687,DM Honeycomb Salt Choc,4.35,3,3.63,2.54
688,Cornish Brie,5.5,1,5.50,3.85
689,Wine Gift Bag,1.5,1,1.50,1.05
690,Long Grain 1kg,2.3,1,2.30,1.61
691,Dried Strawberries diced,2.2,1,2.20,1.54
692,Farmhouse GF lemon&white,2.29,1,2.29,1.60
693,Flat Lettuce,1.45,1,1.45,1.02
694,S Deluxe Muesli 1kg,3.9,1,3.90,2.73
695,WC 40% Muesli 1kg,2.85,1,2.85,2.00
696,Burts 150gChilli&Lime,2.25,3,1.88,1.31
697,BombayMix340g,1.55,1,1.55,1.09
698,Dried Raspberries,2.05,1,2.05,1.44
699,0% Rattler,2.25,3,1.88,1.31
700,Boddingtons 227g,3.75,1,3.75,2.63
701,Mr Organic Sundried Tom,3.99,1,3.99,2.79
702,Homeware Pots,0,3,0.00,0.00
705,Kittows Scotch Egg,3.15,1,3.15,2.21
706,Fish4ever Sardines,2.5,1,2.50,1.75
707,Decaf Tea,4.45,1,4.45,3.12
708,Hand Wash,2.99,1,2.99,2.09
709,Shepherds Pie for 2,9.1,1,9.10,6.37
710,"Chick,Bacon,Leek Pie 42 ",9.4,1,9.40,6.58
711,Thai Veg Curry for 1,5.2,1,5.20,3.64
712,Roast Veg Cass for 1,4.9,1,4.90,3.43
713,Marshmallows,2.55,3,2.13,1.49
714,Chocoholic gift set,10,3,8.33,5.83
715,Bad boy chilli gift set,12,1,12.00,8.40
716,"Gin, Tonic and Chocoholi",10,3,8.33,5.83
717,"Jam, Chutney and Marmala",8,1,8.00,5.60
718,Simply Cornish CC Biscui,3.5,3,2.92,2.04
719,Simply Cornish Gingerbre,2.99,3,2.49,1.74
720,Spoon gift set,10,1,10.00,7.00
721,BM Fudge box,3.9,3,3.25,2.28
722,Buttermilk Fudge Strawbe,3.5,3,2.92,2.04
723,Simply Cornish Strawberr,3.5,3,2.92,2.04
724,Simply Cornish Chocolate,3.5,3,2.92,2.04
725,Jelly Babies,1.2,3,1.00,0.70
726,Seafood Linguine for 1,5.6,1,5.60,3.92
727,Crumble,4.3,1,4.30,3.01
728,Brownie Pudding,4.3,1,4.30,3.01
729,Aval Dor Vanilla 70cl,44,3,36.67,25.67
730,Aval Dor Citrus 70cl,44,3,36.67,25.67
731,Cheese sauce,1.89,1,1.89,1.32
732,Aval Dor Rosemary 70cl,44,3,36.67,25.67
733,Verdant Headband 440ml,3.5,3,2.92,2.04
734,Verdant Lightbulb 440ml ,3.5,3,2.92,2.04
735,DJ&A Sugar Snap Peas,3.5,1,3.50,2.45
736,Truffle Mayo,6.25,1,6.25,4.38
737,Mrs C Big Choc Macaroons,1.99,1,1.99,1.39
738,Lillies,2.25,1,2.25,1.58
739,PLU,0,1,0.00,0.00
740,HamperAlcohol Â£35,35,1,35.00,24.50
741,HamperNoA Â£35,35,1,35.00,24.50
742,HamperAlcohol Â£60,60,1,60.00,42.00
743,HamperNoA Â£60,60,1,60.00,42.00
744,Bisto Onion Granules,1.89,1,1.89,1.32
745,Bisto Cheese Sauce,1.99,1,1.99,1.39
746,Sea salt gift set,7.55,1,7.55,5.29
747,Spring Water (Still) LRG,1.5,1,1.50,1.05
748,SeaChange Pinot Grigio,11.49,3,9.58,6.70
749,Cornflowers,1.6,1,1.60,1.12
750,PLU,1.2,3,1.00,0.70
751,Proper Job 500ml,3.5,3,2.92,2.04
752,Tribute 500ml ,3.5,3,2.92,2.04
753,Korev 500ml,3.5,3,2.92,2.04
754,PLU,3.5,3,2.92,2.04
755,Truffle Hunter Oil,16.5,1,16.50,11.55
756,PLU,3.5,3,2.92,2.04
757,PLU,3.5,3,2.92,2.04
758,PLU,3.5,3,2.92,2.04
759,AD Original Gin M,6,3,5.00,3.50
760,Aval Dor 5cl ,6,3,5.00,3.50
761,Aval Dor Vodka 70cl,40,3,33.33,23.33
762,Aval Dor Vodka 35cl,28,3,23.33,16.33
763,AD Dry Gin 70cl,45,3,37.50,26.25
764,ADs Dry Gin 35cl,29,3,24.17,16.92
765,Aval Dor Seaberry 35cl,27,3,22.50,15.75
766,Doombar,4,3,3.33,2.33
767,PLU,3.5,3,2.92,2.04
768,CO Hedgerow,3,3,2.50,1.75
769,PLU,3,3,2.50,1.75
770,AD og gin 35cl,29,3,24.17,16.92
771,AD Gin Rhub 35cl,29,3,24.17,16.92
772,AD Gin Rhub 70cl,45,3,37.50,26.25
773,AD Spiced 35cl,29,3,24.17,16.92
774,Cornish Best Bitter,3.5,3,2.92,2.04
775,Mooon Milk Yoghurt,2.85,1,2.85,2.00
776,Summer's Cauldron,3.5,3,2.92,2.04
777,Distillery Glass,5.95,3,4.96,3.47
778,Sharps Atlantic,3.5,3,2.92,2.04
779,Skinners Brewery,3,3,2.50,1.75
780,Camel Valley Bacchus Whi,19.5,3,16.25,11.38
781,Camel Valley Brut Sparkl,39,3,32.50,22.75
782,Camel Valley Pinot Rose ,44,3,36.67,25.67
783,Knightor Carpe Diem Dry,18.99,3,15.83,11.08
784,Knightor Carpe Diem Rose,18.99,3,15.83,11.08
785,Havoc & Harmony S Blanc,13.5,3,11.25,7.88
786,Domaine le Serrie Picpou,9.95,3,8.29,5.80
787,CF Sweets Â£2.05,2.05,3,1.71,1.20
788,Altozano Tempranillo,9.99,3,8.33,5.83
789,PLU,0,1,0.00,0.00
790,AD Gin Rhub 5cl,6,3,5.00,3.50
791,AD Dry Gin 5cl,6,3,5.00,3.50
792,Aval Dor Seaberry 5cl,6,3,5.00,3.50
793,AD Original Gin 7,45,3,37.50,26.25
794,Club de Campo Malbec,9.99,3,8.33,5.83
795,Aval Dor Seaberry 70cl,44,3,36.67,25.67
796,Baker Street,2.8,1,2.80,1.96
797,Teoni's Boxes,3.6,1,3.60,2.52
798,Growers Gate Chardonnay,9.5,3,7.92,5.54
799,Pearce's Pork Pie Singl,2.99,1,2.99,2.09
800,Chateau le Gardera Borde,13.5,3,11.25,7.88
801,CO Heritage,3,3,2.50,1.75
802,PLU,0,1,0.00,0.00
803,PLU,0,1,0.00,0.00
804,CM Devil Water 50cl,35,3,29.17,20.42
805,CM Sticky Toffee 50cl,33,3,27.50,19.25
806,CM Apple Pie 50cl,33,3,27.50,19.25
807,CM Outlaw Orange 50cl,33,3,27.50,19.25
808,CO Farmhouse sparkling,3,3,2.50,1.75
809,Prosecco,9.99,3,8.33,5.83
810,Forest Feast Gift Cube,5.99,3,4.99,3.49
811,PLU,0,1,0.00,0.00
812,PLU,0,1,0.00,0.00
813,Moonshine Orange 10cl,8.95,3,7.46,5.22
814,Moonshine Apple 10cl,8.95,3,7.46,5.22
815,Moonshine Toffee 10cl,8.95,3,7.46,5.22
816,Moonshine Devil W 10cl,9.95,3,8.29,5.80
817,Aval Dor Gin Christmas ,45,3,37.50,26.25
818,Polgoon Mulled Cider,6.95,3,5.79,4.05
819,Aval Dor Gin Christmas35,29,3,24.17,16.92
820,SFC Rum ,44,3,36.67,25.67
821,Via Alta Sauvignon Blanc,7.99,3,6.66,4.66
822,Cider 500ml,3.5,3,2.92,2.04
823,Polgoon Red Rondo,14.95,3,12.46,8.72
824,Sloely Slaughtered,3.2,3,2.67,1.87
825,PLU,0,1,0.00,0.00
826,SFC 5CL,5.95,3,4.96,3.47
827,AD Spiced Gin 70cl,45,3,37.50,26.25
828,AD Spiced 5cl,6,3,5.00,3.50
829,AD Vodka Vanilla 5cl,6,3,5.00,3.50
830,aD Vodka Rose 5cl,6,3,5.00,3.50
831,Bear  Biscuits,0.95,1,0.95,0.67
832,Bear Raspberry Biscuits,0.95,1,0.95,0.67
833,Liquorice Allsorts,1.99,3,1.66,1.16
834,Darlington Hollandaise,3.8,1,3.80,2.66
835,Mallow&Marsh - Raspberry,3.6,3,3.00,2.10
836,Vesper Martini,6,3,5.00,3.50
837,Seaberry Vodka Sour ,7.5,3,6.25,4.38
838,Spiced Gin Sour,6,3,5.00,3.50
839,CD Fudge 10CL,5,3,4.17,2.92
840,CN Choc Liqueur 10CL,5,3,4.17,2.92
841,CL Straw Liqueur 10CL,5,3,4.17,2.92
842,St AB Hicks 500ml,3.5,3,2.92,2.04
843,PLU,0,1,0.00,0.00
844,Skinners Porthleven,3.5,3,2.92,2.04
845,Skinners Lushingtons,3.5,3,2.92,2.04
846,Skinners Cornish Knocker,3.5,3,2.92,2.04
847,Aval Dor Rose+Hib 70cl,44,3,36.67,25.67
848,Knightor Vermouth ,28,3,23.33,16.33
849,Dynamite ALL,3.5,3,2.92,2.04
850,Sausages 2 for Â£5,5,1,5.00,3.50
851,Bacon - Smoked,3.1,1,3.10,2.17
852,Bacon - Unsmoked,3.1,1,3.10,2.17
853,Mince 500G,4.5,1,4.50,3.15
854,Chicken Breast x 2,4.5,1,4.50,3.15
855,Rump Steak 8oz,3.99,1,3.99,2.79
856,Sausages (6),3.2,1,3.20,2.24
857,Hogs Pudding Small ,2.6,1,2.60,1.82
858,Pork Sausage Meat 454g,3.65,1,3.65,2.56
859,Tribute - 2 x 500ml,5,3,4.17,2.92
860,Discount JMC,2,1,2.00,1.40
861,Teoni ChristmasSelection,6.5,3,5.42,3.79
862,Aval Dor Gin 35CL Origi,29,3,24.17,16.92
863,Aval Dor Gin 70CL Origi,45,3,37.50,26.25
864,Aval Dor Dry Gin 35CL,29,3,24.17,16.92
865,Aval Dor Dry Gin 70CL,43,3,35.83,25.08
866,Aval Dor Vodka 35CL,28,3,23.33,16.33
867,Aval Dor Vodka 70CL,37,3,30.83,21.58
868,Ham ,2.5,1,2.50,1.75
869,Veg Box for Â£11,10,1,10.00,7.00
870,Fruit Box for Â£12,12,1,12.00,8.40
871,Veg Box for Â£21,20,1,20.00,14.00
872,Fruit Box for Â£20,20,1,20.00,14.00
873,Camel Valley Brut,36,3,30.00,21.00
874,Camel Valley Bachus,17.95,3,14.96,10.47
875,Camel Valley Rose Brut S,39,3,32.50,22.75
876,SDCF Chilli Hot Choc,7.4,3,6.17,4.32
877,Parsnips x 3,3,1,3.00,2.10
878,White Onions x 1 ,0.2,1,0.20,0.14
879,Red Onions x 1,0.3,1,0.30,0.21
880,Cauliflower,1.95,1,1.95,1.37
881,Cabbage,1.4,1,1.40,0.98
882,Swede,1.35,1,1.35,0.95
883,Coke Zero,0.8,1,0.80,0.56
884,Bananas 750g NOT ON,0.99,1,0.99,0.69
885,Orange & Lemon Sices,1.99,3,1.66,1.16
886,Filberts Selection Tin,8.99,1,8.99,6.29
887,PLU,0,1,0.00,0.00
888,PLU,0,1,0.00,0.00
889,PLU,0,1,0.00,0.00
890,PLU,0,1,0.00,0.00
891,Duchy Coppa,5.35,1,5.35,3.75
892,Duchy Bresaola,5.85,1,5.85,4.10
893,Duchy Chorizo,4.95,1,4.95,3.47
894,Duchy Napoli,4.95,1,4.95,3.47
895,Keltek Even Keel,3.5,3,2.92,2.04
896,Keltek Golden Lance,3.5,3,2.92,2.04
897,Davidstow 20 mth,5.99,1,5.99,4.19
898,Keltek Reaper,3.5,3,2.92,2.04
899,Duchy Mixed,9.99,1,9.99,6.99
900,Chilli Crackers,0,1,0.00,0.00
901,Gingerbread Fudge 100g,0.75,3,0.63,0.44
902,Boddingtons Cranberry Re,4.5,1,4.50,3.15
903,Cornish Orchards Mulled ,7.95,3,6.63,4.64
904,Fredas Winter Spice Pean,3.99,1,3.99,2.79
905,Christmas Pudding Large ,16.5,1,16.50,11.55
906,Furniss - Gold Gingerbre,5,1,5.00,3.50
907,Furniss - Blue CC,5,1,5.00,3.50
908,Furniss - Bronze  Choc G,5,1,5.00,3.50
909,Furniss All butter short,1.2,1,1.20,0.84
910,Mr Filberts Roast Chestn,3.95,3,3.29,2.30
911,Willies Pearls DARK,5.99,3,4.99,3.49
912,PLU,3.5,3,2.92,2.04
913,Mr F's Black Truffle100,2.99,3,2.49,1.74
914,Christmas Hamper Â£35,35,3,29.17,20.42
915,Christmas Hamper Â£50,50,3,41.67,29.17
916,Christmas Hamper Â£80,80,3,66.67,46.67
917,Kernow Chocolate Xmas Pu,3.5,3,2.92,2.04
918,CV Sparkling Red,36.75,3,30.63,21.44
919,Gold County Cab Sauv,9.75,3,8.13,5.69
920,Cheese Hamper Â£30,30,1,30.00,21.00
921,Cheese Hamper Â£50,50,1,50.00,35.00
922,Hot Chocolate Spoons Gif,10,3,8.33,5.83
923,Spiced Gin,39,3,32.50,22.75
924,Christmas Veg Box SMALL,14,1,14.00,9.80
925,Christmas Veg Box MED,21,1,21.00,14.70
926,Christmas Veg Box LARGE,32,1,32.00,22.40
927,PLU,1.25,3,1.04,0.73
928,PLU,1.9,1,1.90,1.33
929,Coconut oil,4.2,1,4.20,2.94
930,PLU,16,1,16.00,11.20
931,PLU,16,1,16.00,11.20
932,Mincemeat,3.79,1,3.79,2.65
933,PLU,3.5,3,2.92,2.04
934,Gift Box Distillery,4.95,3,4.13,2.89
935,Christmas Hamper Â£25,25,1,25.00,17.50
936,Hamper Box Large,4.99,3,4.16,2.91
937,CF Sweets Â£2.50,2.5,3,2.08,1.46
938,Willies Pearls Milk,5.99,3,4.99,3.49
939,Valentines Drops Tin,2.59,3,2.16,1.51
940,J&S Popcorn Stars,3.8,3,3.17,2.22
941,J&S Car and Belg Choc,3.95,3,3.29,2.30
942,Propercorn Popcorn,1,3,0.83,0.58
943,J&S Strawberries & Cream,3.95,3,3.29,2.30
944,PLU,0,1,0.00,0.00
945,Gnocchi - GF,2.99,1,2.99,2.09
946,Chorizo Ring,3.5,1,3.50,2.45
947,J&S Mature Cheddar Chees,3.95,3,3.29,2.30
948,Belvoir R&L Cordial,4.25,3,3.54,2.48
949,Belvoir O Elderflower,6.39,3,5.33,3.73
950,Mrs D's Apple Sauce,3.3,1,3.30,2.31
951,Moo Everyday Bar Origina,1.99,3,1.66,1.16
952,Buttermilk Assorted Fudg,3.5,3,2.92,2.04
953,Buttermilk Dairy Free SC,2.15,3,1.79,1.25
954,Eat Natural Bar,1.35,3,1.13,0.79
955,Mrs D's Lemon Curd,3.6,1,3.60,2.52
956,Cawston Press Orange Jui,3.99,3,3.33,2.33
957,Arden's Nibble Sticks,1.35,1,1.35,0.95
958,Jude's Maple Sauce 320g,3.95,1,3.95,2.77
959,PLU,3.5,3,2.92,2.04
960,PLU,3.5,3,2.92,2.04
961,PLU,3.5,3,2.92,2.04
962,PLU,3.5,3,2.92,2.04
963,Vegan Mayo,2.6,1,2.60,1.82
964,Balsamic Vinegar Dressin,3.75,1,3.75,2.63
965,Honey and Mustard Dressi,3.75,1,3.75,2.63
966,PLU,2.85,1,2.85,2.00
967,GF Choc Crunch,2.85,1,2.85,2.00
968,Filberts Peppercorn Cash,3.19,3,2.66,1.86
969,Filberts SS Mixed nuts,3.19,3,2.66,1.86
970,Filberts Smoked Mixed Nu,3.19,3,2.66,1.86
971,Daffodils,1.5,3,1.25,0.88
972,FV Olive Oil Extra Virgi,7.5,1,7.50,5.25
973,Mrs D's Mint Sauce,2.85,1,2.85,2.00
974,Mrs D's Horseradish,3.1,1,3.10,2.17
975,Pesto Classic/sun-dried,2.99,1,2.99,2.09
976,Inspired Dining Sauces,2.65,1,2.65,1.86
977,Gourmet Pork Pate,4.39,1,4.39,3.07
978,Caster Sugar,1.1,1,1.10,0.77
979,Valentines Meal Rump,25,1,25.00,17.50
980,Valentines Meal Ribeye,30,1,30.00,21.00
981,Matches,1.5,3,1.25,0.88
982,Charcoal,6.5,2,6.50,4.55
983,Squealer Pork Pie,3.5,1,3.50,2.45
984,FT P/Fruit Mixer,5.95,3,4.96,3.47
985,PLU,0,1,0.00,0.00
986,Meringues,1.99,1,1.99,1.39
987,FeverTree Passion Mixer,5.95,3,4.96,3.47
988,25kg Washed Marfona,8.99,1,8.99,6.29
989,Lamb Leg 2-3,12.99,3,10.83,7.58
990,Lamb Leg 4-6,24.99,1,24.99,17.49
991,Easter Veg Box 2-3 ,10,1,10.00,7.00
992,Easter Veg Box 4-6,20,1,20.00,14.00
993,Josh's buttons,5.99,3,4.99,3.49
994,JCB Classic Dark Buttons,5.99,3,4.99,3.49
995,JCB Choc Seasalt Caramel,5.99,3,4.99,3.49
996,JCB Dark Chocolate with ,5.99,3,4.99,3.49
997,Made for Meat ALL,2.99,1,2.99,2.09
998,Jone's Pork Pie w/ Appl,2.65,1,2.65,1.86
999,Cornish Seasalt 1 Gift P,6.5,1,6.50,4.55
1000,Cornish Mead Wine,14.99,3,12.49,8.74
1001,Tea ,1.99,2,1.99,1.39
1002,Hot Chocolate ,1.99,2,1.99,1.39
1003,Creami Choc,1.99,2,1.99,1.39
1004,Mocca,1.99,2,1.99,1.39
1005,Espresso,1.99,2,1.99,1.39
1006,Latte,1.99,2,1.99,1.39
1007,Cappuccino,1.99,2,1.99,1.39
1008,White Coffee,1.99,2,1.99,1.39
1009,Black Coffee,1.99,2,1.99,1.39
1010,10kg Washed Marfona,4.5,1,4.50,3.15
1011,Burts 50g chilli&lime,0.99,3,0.83,0.58
1012,STAFF TEA ,0.8,2,0.80,0.56
1013,STAFF COFFEE ANY ,1.2,2,1.20,0.84
1014,STAFF HOT CHOC,1,2,1.00,0.70
1015,JCB Orange Almond,5.99,3,4.99,3.49
1016,OC Tea ,1.75,2,1.75,1.23
1017,OC Hot Chocolate ,1.75,2,1.75,1.23
1018,OC Creami Choc,1.75,2,1.75,1.23
1019,OC Mocca,1.75,2,1.75,1.23
1020,OC Espresson,1.75,2,1.75,1.23
1021,OC Latte ,1.75,2,1.75,1.23
1022,OC Cappuccino ,1.75,2,1.75,1.23
1023,OC White Coffee,1.75,2,1.75,1.23
1024,OC Black Coffee,1.75,2,1.75,1.23
1025,CL Straw Liqueur 70CL,16.95,3,14.13,9.89
1026,PLU,0.95,3,0.79,0.55
1027,PLU,0.95,3,0.79,0.55
1028,DFC The Mix 100g,6.25,1,6.25,4.38
1029,Silverspoon granulated s,0.7,3,0.58,0.41
1030,F/T Indian tonic 500ml,2.29,3,1.91,1.34
1031,"MB Mgo, Lime  & Chilli",2.99,1,2.99,2.09
1032,MB Salad Dressing ,2.99,1,2.99,2.09
1033,MB Caesar Dressing,1.5,1,1.50,1.05
1034,Iced Gingerbread Animals,2.35,3,1.96,1.37
1035,Mrs D Mustard (All),4.1,1,4.10,2.87
1037,Nairns Oatcake,2.85,1,2.85,2.00
1039, Reggae Reggae,1.95,1,1.95,1.37
1040,Grissini Breadsticks,3.5,1,3.50,2.45
1041,Olives (All),5.3,1,5.30,3.71
1042,Skinners Betty Stogs,3.5,3,2.92,2.04
1043,CD - Fudge Liqueur 70CL,16.95,3,14.13,9.89
1044,PLU,0,1,0.00,0.00
1045,Knightor Classic Brut,33.99,3,28.33,19.83
1046,Purple cauliflower,1.8,1,1.80,1.26
1047,PLU,0,1,0.00,0.00
1048,Dry Cider REDUCED,1.5,3,1.25,0.88
1049,PLU,3.5,3,2.92,2.04
1050,Christmas Card,1.5,3,1.25,0.88
1051,Keltek Magik,3.5,3,2.92,2.04
1052,Keltek King Bitter,3.5,3,2.92,2.04
1053,Welly Store With Lid,140,3,116.67,81.67
1054,Bouillon,1.6,1,1.60,1.12
1055,Built Bird Box,15,3,12.50,8.75
1056,Build Your Own BB,12.5,3,10.42,7.29
1057,New Flame 20kg,7.5,2,7.50,5.25
1058,Union Bricketts 20kg,14,2,14.00,9.80
1059,Softwood Logs Net,6.4,2,6.40,4.48
1060,Kindling Large,6.1,2,6.10,4.27
1061,Kindling Small,4.99,2,4.99,3.49
1062,Belvoir Festive Punch,4.75,3,3.96,2.77
1063,AD Christmas Gin 5cl,6,3,5.00,3.50
1064,Turkey Small 8lb,42,1,42.00,29.40
1065,Turkey Medium 12lb ,60,1,60.00,42.00
1066,Turkey Large 15lb,75,1,75.00,52.50
1067,Miss Thyme,10,1,10.00,7.00
1068,Cornish Smuggler,0,1,0.00,0.00
1069,Primi Soli Pinot Grigio,8.5,3,7.08,4.96
1070,White Rose Zinfandel,8.99,3,7.49,5.24
1071,SeaChange NZ,19.5,3,16.25,11.38
1072,AD Xmas gin 35cl,29,3,24.17,16.92
1073,Teoni GF Pistachio,3.95,1,3.95,2.77
1074,W/Melon Juiceburst,1.55,3,1.29,0.90
1075,Rubicon Passionfruit,0.79,3,0.66,0.46
1076,Lipton Ice Tea Peach,1.85,3,1.54,1.08
1077,Salad Cream,1.89,1,1.89,1.32
1078,Creme Eggs,0.89,3,0.74,0.52
1079,Gourmico Venison Pate,5.49,1,5.49,3.84
1080,Mrs.D Passionfruit Curd,3.3,1,3.30,2.31
1081,PLU,0,1,0.00,0.00
1082,MooFree Egg,5.25,3,4.38,3.06
1083,Pork JOINT Pearces,0,1,0.00,0.00
1084,Pork Chops ,0,1,0.00,0.00
1085,Chicken MRoom Pie Pearce,2.5,1,2.50,1.75
1086,Steak Ale Pie Pearce,2.5,1,2.50,1.75
1087,CF Sweets Â£2.75,2.75,3,2.29,1.60
1088,PLU,0.99,1,0.99,0.69
1089,Ribena P&P,1,3,0.83,0.58
1090,Schwartz Curry Sauce,1.09,1,1.09,0.76
1091,Crispy Onions Original,1.25,1,1.25,0.88
1092,Mr Filberts Snack Salami,2.3,1,2.30,1.61
1093,Noodles Â£3.30,3.3,1,3.30,2.31
1094,PLU,1.99,1,1.99,1.39
1095,PLU,1.99,1,1.99,1.39
1096,PLU,1.25,1,1.25,0.88
1097,PLU,1.5,1,1.50,1.05
1098,Duskin Apple Juice,4.19,1,4.19,2.93
1099,Christmas Sweets Tin,2.99,3,2.49,1.74
1100,Drivers (All Varieties),4.95,1,4.95,3.47
1101,Hamper Â£75,75,3,62.50,43.75
1102,Dates,0.9,1,0.90,0.63
1103,Vegetable Suet,2.1,1,2.10,1.47
1104,Red Cabbage Darlingtons,0.8,1,0.80,0.56
1105,Wreath medium,12.5,1,12.50,8.75
1106,Ham Glaze 200g,2.89,1,2.89,2.02
1107,Lindt Bear 100g (Lrg),3.49,3,2.91,2.04
1108,Moo Free Snowman White,0.85,3,0.71,0.50
1109,Moo Free Santa Original,0.85,3,0.71,0.50
1110,PLU,0,1,0.00,0.00
1111,CC Charlestown Lust 70CL,16.95,3,14.13,9.89
1112,CN Chocolate Cream 70CL,16.95,3,14.13,9.89
1113,CF Sweets Â£1.25,1.25,3,1.04,0.73
1114,Xmas pudding vodka 5cl,6,3,5.00,3.50
1115,PLU,0.95,3,0.79,0.55
1116,PLU,1,3,0.83,0.58
1117,PLU,1.2,3,1.00,0.70
1118,PLU,1.2,3,1.00,0.70
1119,PLU,1.2,3,1.00,0.70
1120,PLU,1.2,3,1.00,0.70
1121,Mrs C Sage Onion Stuffin,2.15,1,2.15,1.51
1122,Mango & Lime Delipop,1.7,3,1.42,0.99
1123,Delipop,1.7,3,1.42,0.99
1124,Sweet Williams,1.99,3,1.66,1.16
1125,Vodka Refill Pouch,37,3,30.83,21.58
1126,Protein Flapjack,1.5,1,1.50,1.05
1127,Cornish New Potatoes,1.99,1,1.99,1.39
1128,Furniss Strawberry Short,3.6,1,3.60,2.52
1129,GFarmer Air Dried Pork,6.75,1,6.75,4.73
1130,GFarmer Air Dried Beef,6.75,1,6.75,4.73
1131,Conchiglie,2.1,1,2.10,1.47
1132,Simpkins Drops,2.99,3,2.49,1.74
1133,BC Beef Dripping,2.25,1,2.25,1.58
1134,PLU,1.25,1,1.25,0.88
1135,PLU,1.25,1,1.25,0.88
1136,Bay Leaves,0.99,1,0.99,0.69
1137,Tag of Beef,0,1,0.00,0.00
1138,PLU,14.99,3,12.49,8.74
1139,Pear Mead,14.99,3,12.49,8.74
1140,PLU,14.99,3,12.49,8.74
1141,Healeys Gold,3.6,3,3.00,2.10
1142,Belvoir Summer Spritz,3.99,3,3.33,2.33
1143,Rosemay Bread Dipper,6,1,6.00,4.20
1144,Garlic Bread Dipper,6,1,6.00,4.20
1145,Fevertree Aromatic Tonic,2.49,1,2.49,1.74
1146,FOF Original Biltong,2.99,1,2.99,2.09
1147,Clotton Hall Custard,3.5,1,3.50,2.45
1148,CSC Korma,4.99,1,4.99,3.49
1149,GFarmer Air Dried pork,6.75,1,6.75,4.73
1150,Cornish Pinks,1.99,1,1.99,1.39
1151,CF Sweets Â£1.40,1.4,3,1.17,0.82
1152,KF Wrap Â£3.80,3.8,1,3.80,2.66
1153,KF Sub Â£4.20,4.2,1,4.20,2.94
1154,Beef Meat Box,59.99,1,59.99,41.99
1155,Lamb ,0,1,0.00,0.00
1156,Christmas Pudding Small ,9.95,1,9.95,6.97
1157,Brown Long Grain Rice,1.45,1,1.45,1.02
1158,Dove GF Plain Flour,3,1,3.00,2.10
1159,Polgoon Seyval Blanc,18.5,3,15.42,10.79
1160,BM Zingy orange segments,3.95,3,3.29,2.30
1161,Turkey s'wich,4,1,4.00,2.80
1162,PLU,3.5,3,2.92,2.04
1163,Spaghetti,2.1,1,2.10,1.47
1164,PLU,14.99,3,12.49,8.74
1165,Alioli,2.99,1,2.99,2.09
1166,BM Choc Fudge/ P Brittle,4.35,3,3.63,2.54
1167,Free&Easy Soup,2.55,1,2.55,1.79
1168,Teoni All Butter S/bread,3.55,1,3.55,2.49
1169,Small pumpkin,2.25,1,2.25,1.58
1170,Bricketts New,15.99,2,15.99,11.19
1171,Fanta Lemon,1.5,3,1.25,0.88
1172,Ribena B/Currant,1.25,3,1.04,0.73
1173,PLU,4.5,1,4.50,3.15
1174,KC Fudge Bites,3.99,3,3.33,2.33
1175,Duck Fat 180g,3.99,1,3.99,2.79
1176,PLU,4,1,4.00,2.80
1177,Chicken Chip Salt,3.45,1,3.45,2.42
1178,Piri Piri Chip Salt,3.25,1,3.25,2.28
1179,Farmhouse Lemon Biscuits,1.99,1,1.99,1.39
1180,GFarmer Picnic Ham,6.75,1,6.75,4.73
1181,GFarmer Charcuterie,6.75,1,6.75,4.73
1182,GFarmer British Platter,7.49,1,7.49,5.24
1183,Ext Event Show R. C/wall,0.01,1,0.01,0.01
1184,R&P Organic Platter,4.99,1,4.99,3.49
1185,Burts Beef 150g,2.25,3,1.88,1.31
1186,TP Milkshake,2.35,1,2.35,1.65
1187,TP Strawb Milk,2.99,1,2.99,2.09
1188,CHD Rice Pudding,2.69,1,2.69,1.88
1189,Burts Beef 150g,2.25,3,1.88,1.31
1190,CSC Curry Sauces,4.99,1,4.99,3.49
1191,Corned Beef,0,1,0.00,0.00
1192,Delphi Stuffed Peppers,2.89,1,2.89,2.02
1193,Furniss- Strawb,3.6,1,3.60,2.52
1194,Furniss- Fairings,3.2,1,3.20,2.24
1195,Balti Sauce,4.99,1,4.99,3.49
1196,25kg Maris Peer,12.5,1,12.50,8.75
1197,PLU,2.99,1,2.99,2.09
1198,Folkingtons 250ml,1.99,3,1.66,1.16
1199,PLU,3.5,3,2.92,2.04
1200,Beef Tomatoes,2.2,1,2.20,1.54
1201,Cornish Tea Fusion,4.05,1,4.05,2.84
1202,Niles Yule Log,7.1,1,7.10,4.97
1203,PLU,0,1,0.00,0.00
1204,Braising Steak JK,0,1,0.00,0.00
1205,Chinese Pork Steak,0,1,0.00,0.00
1206,Bacon Sm Pearces,0,1,0.00,0.00
1207,Bacon Unsm Pearces,0,1,0.00,0.00
1208,Quiche Any,2.85,1,2.85,2.00
1209,Pimms & Lemonade,1.99,3,1.66,1.16
1210,Coconut macaroon Mrs C,1.7,1,1.70,1.19
1211,Flour Tortillas,1.85,1,1.85,1.30
1212,Sunflower,3.99,1,3.99,2.79
1213,Orange Juiceburst,2.15,3,1.79,1.25
1214,Lipton ice tea Lemon,1.85,3,1.54,1.08
1215,Oasis Summer Fruits,1.95,3,1.63,1.14
1216,Lucozade Still Orange,1.5,3,1.25,0.88
1217,Diet Coke,0.9,3,0.75,0.53
1218,Coke,1.5,3,1.25,0.88
1219,FeverTree Light Tonic,2.49,3,2.08,1.45
1220,SF Rhub&Custard,1.2,1,1.20,0.84
1221,Blackberries,3.45,1,3.45,2.42
1222,Furniss Ginger & Choc,3.2,1,3.20,2.24
1223,1kg Bag Wilja,1.2,1,1.20,0.84
1224,PLU,2.99,1,2.99,2.09
1225,SDC Apple Jelly,4.35,1,4.35,3.05
1226,Beetroot Relish,3.79,1,3.79,2.65
1227,Cookie/Brownie Jar,9.99,1,9.99,6.99
1228,Callestick Seasalt 500ml,4.99,1,4.99,3.49
1229,Discounted Chips,0.99,1,0.99,0.69
1230,Burts S&S Popcorn,0.99,3,0.83,0.58
1231,Kimchi,7.5,1,7.50,5.25
1232,PLU,1.4,1,1.40,0.98
1233,Porth Pilsner,3.5,3,2.92,2.04
1234,Cawston Press Kids-A+M,1.1,3,0.92,0.64
1235,Choc Coins,2.25,3,1.88,1.31
1236,FH Xmas Tin 450g (Lrg),10.49,1,10.49,7.34
1237,FH Xmas Cat Tin 225g,7.49,1,7.49,5.24
1238,Guinness Mini Pint Chocs,6.75,3,5.63,3.94
1239,Lady Scarlett,4.2,1,4.20,2.94
1240,PLU,5.99,3,4.99,3.49
1241,PLU,5.99,3,4.99,3.49
1242,ECover Multi Purpose,2.7,3,2.25,1.58
1243,ECover Toilet Cleaner,2.55,3,2.13,1.49
1244,PLU,0,1,0.00,0.00
1245,PLU,0,1,0.00,0.00
1246,PLU,0,1,0.00,0.00
1247,PLU,1.2,3,1.00,0.70
1248,Cornish Strawberries SML,2.5,1,2.50,1.75
1249,Raspberries 125g,2.45,1,2.45,1.72
1250,25kg Marfona WASHED,8.99,1,8.99,6.29
1251,Xmas Spiced AD Gin 35CL,29,3,24.17,16.92
1252,AD Xmas Vodka 35cl,29,3,24.17,16.92
1253,Furniss CC Shortbre,3.6,1,3.60,2.52
1254,Meatball Sauce,2.65,1,2.65,1.86
1255,Prawn Cocktail Burts 40g,0.99,3,0.83,0.58
1256,Honey Mustard CL BBQ ,5.3,1,5.30,3.71
1257,CL Smoky BBQ Sauce,3.79,1,3.79,2.65
1258,Korma,2.24,1,2.24,1.57
1259,Chilli Con Carne  40g,1,1,1.00,0.70
1260,Creamy Chicken Herb 40g ,1.99,1,1.99,1.39
1261,Cracked Peppercorn Sauce,1.99,1,1.99,1.39
1262,Kernow Billionaires Shor,3.5,3,2.92,2.04
1263,PLU,3.6,3,3.00,2.10
1264,Romanesco,2.4,1,2.40,1.68
1265,Tiptree Mango Chutney,2.65,1,2.65,1.86
1266,PLU,14.99,3,12.49,8.74
1267,All Tinned Soup,2.6,1,2.60,1.82
1268,PLU,4.5,1,4.50,3.15
1269,Ham s'wich,4,1,4.00,2.80
1270,PLU,4,1,4.00,2.80
1271,Burts Lentil Crisps,0.99,3,0.83,0.58
1272,8Track - 5cl,6.5,3,5.42,3.79
1273,8Track - 70cl,36,3,30.00,21.00
1274,8Track Gift Box,45,3,37.50,26.25
1275,Plain Flour,1.99,1,1.99,1.39
1276,Burts S'n'P 150g,2.25,3,1.88,1.31
1277,Winter Mix,1.2,1,1.20,0.84
1278,1kg New Maris Piper,1.25,1,1.25,0.88
1279,25kg Maris Piper,13.99,1,13.99,9.79
1280,G&B Hot Chocolate,4.99,1,4.99,3.49
1281,SD Habanero Salsa,3.75,1,3.75,2.63
1282,Fentimans Ginger Beer,2.29,3,1.91,1.34
1283,Gouda Italian Herbs,4.99,1,4.99,3.49
1284,Bisto (all),1.99,1,1.99,1.39
1285,Granola Fruit Muesli 1kg,4,1,4.00,2.80
1286,48 Firelighters,2.05,2,2.05,1.44
1287,Meor,3.5,3,2.92,2.04
1288,PLU,2.25,3,1.88,1.31
1289,Snowman Choc Lolly,1.8,3,1.50,1.05
1290,Baileys Cake Bar,3.99,3,3.33,2.33
1291,Cinnamon Sticks,0.99,1,0.99,0.69
1292,Teoni Mixed Selection,6.99,3,5.83,4.08
1293,FT Ginger Beer 200ml,1.25,1,1.25,0.88
1294,FT Blood Org Soda 200ml,1.25,1,1.25,0.88
1295,FT Rasp&Rose Soda 200ml,1.25,1,1.25,0.88
1296,Aero Snowbubbles,1.19,3,0.99,0.69
1297,Veg Oil,2.99,1,2.99,2.09
1298,Cheese Sauce 75g,0.75,1,0.75,0.53
1299,Purdey's,1.75,1,1.75,1.23
1300,Sunny but cool,0.01,1,0.01,0.01
1301,Accident,0.01,1,0.01,0.01
1302,Bank Holiday Opening Hou,0.01,1,0.01,0.01
1303,Road works,0.01,1,0.01,0.01
1304,Mainly locals,0.01,1,0.01,0.01
1305,Mainly tourists,0.01,1,0.01,0.01
1306,Blend of L + T ,0.01,1,0.01,0.01
1307,Storm,0.01,1,0.01,0.01
1308,Snow,0.01,1,0.01,0.01
1309,Extreme Weather Cond,0.01,1,0.01,0.01
1310,Varied Weather OK Day,0.01,1,0.01,0.01
1311,Sunny,0.01,1,0.01,0.01
1312,V Cold,0.01,1,0.01,0.01
1313,V Wet,0.01,1,0.01,0.01
1314,V Windy ,0.01,1,0.01,0.01
1315,Too hot to shop,0.01,1,0.01,0.01
1316,Too bad to come out,0.01,1,0.01,0.01
1317,Varied Weather Exc Day,0,1,0.00,0.00
1318,Varied Weather Bad Day,0.01,1,0.01,0.01
1319,Busy because of soc med,0.01,1,0.01,0.01
1320,Busc because of specifc ,0.01,1,0.01,0.01
1321,BBQ Central,0.01,1,0.01,0.01
1322,Sunday Roasting,0.01,1,0.01,0.01
1323,"Dry,dull,cool.",0.01,1,0.01,0.01
1324,Cloudy,0.01,1,0.01,0.01
1325,Ext Event Sporting,0.01,1,0.01,0.01
1326,Luxury F&N Mix,2.4,1,2.40,1.68
1327,PLU,3.5,3,2.92,2.04
1328,Pigs in blankets indÂ£,0,1,0.00,0.00
1329,Cornish Pickled Onions,4.29,1,4.29,3.00
1330,PLU,0.99,1,0.99,0.69
1331,PLU,1.2,1,1.20,0.84
1332,Berries Mix 250g,3.3,1,3.30,2.31
1333,Brandy Clotted Cream,4.85,1,4.85,3.40
1334,1pint Whole milk (Blue),1,1,1.00,0.70
1335,Mrs D Tartare,2.95,1,2.95,2.07
1336,64 Firelighters,2.99,3,2.49,1.74
1337,Cornish Coffee Beans227g,6.99,1,6.99,4.89
1338,Crimbles Jam Rings,2.09,1,2.09,1.46
1339,Kefir Straw&Peach Can,1.7,3,1.42,0.99
1340,SD Chilli Chutney,4.95,1,4.95,3.47
1341,Discount Charcuterie,4,1,4.00,2.80
1342,PC Steak Pasty 4 Frozen,11,1,11.00,7.70
1343,PC Che+on Pasty 4 Frozen,11,1,11.00,7.70
1344,PC Bacon Turnover 4 Froz,7.5,1,7.50,5.25
1345,PC Sausage Roll 4 Froz,6,1,6.00,4.20
1346,PLU,0.99,1,0.99,0.69
1347,PLU,0,1,0.00,0.00
1348,Pomegranate,1.25,1,1.25,0.88
1349,PLU,2.5,3,2.08,1.46
1350,Garlic Yarg,0,1,0.00,0.00
1351,Dove Self raising,1.8,1,1.80,1.26
1352,RM Fine White Sugar 500g,1.3,1,1.30,0.91
1353,RM Soft Brown Sugar 500g,1.55,1,1.55,1.09
1354,Mrs C Deeply Dipped,2.25,1,2.25,1.58
1355,Dairy Milk Bar,0.75,3,0.63,0.44
1356,PLU,4.5,1,4.50,3.15
1357,Pancake Mix,1.69,1,1.69,1.18
1358,Raisins 250g,1.95,1,1.95,1.37
1359,Boddingtons blackberry 3,5.25,1,5.25,3.68
1360,Boddingtons raspberry 34,5.3,1,5.30,3.71
1361,Boddingtons 340g,5.3,1,5.30,3.71
1362,Dried Straw Sliced,2.2,1,2.20,1.54
1363,PLU,1.1,1,1.10,0.77
1364,PLU,1.6,1,1.60,1.12
1365,Bearnaise ,4.45,1,4.45,3.12
1366,Tomato Puree,1.99,1,1.99,1.39
1367,Red Grapes,6.6,1,6.60,4.62
1368,Green Grapes,3.5,1,3.50,2.45
1369,Burts C&C Lentil Crisps,0.99,3,0.83,0.58
1370,PLU,4,1,4.00,2.80
1371,Cornish Gouda Mature,5.99,1,5.99,4.19
1372,PC Vegan Pasty x 4 ,11,1,11.00,7.70
1373,CL Ale Chutney,4.25,1,4.25,2.98
1374,Twix,0.75,3,0.63,0.44
1375,Nutella,1.9,3,1.58,1.11
1376,1kg Granulated Sugar,1.4,1,1.40,0.98
1377,PLU,1.2,3,1.00,0.70
1378,PLU,3.95,3,3.29,2.30
1379,Crowning Royale,7.5,3,6.25,4.38
1380,SeaChange Pays d'oc,12.5,3,10.42,7.29
1381,PLU,1.6,3,1.33,0.93
1382,PLU,3.5,3,2.92,2.04
1383,PLU,2.99,1,2.99,2.09
1384,PLU,1,1,1.00,0.70
1385,PLU,1,1,1.00,0.70
1386,PLU,1,1,1.00,0.70
1387,SDC Extreme Chilli Choc,4.4,1,4.40,3.08
1388,CL Caramel SS Sauce,4.2,1,4.20,2.94
1389,PLU,1.15,3,0.96,0.67
1390,PLU,3.5,1,3.50,2.45
1391,PLU,3.5,1,3.50,2.45
1392,PLU,2.99,1,2.99,2.09
1393,Sour Dough,3.5,1,3.50,2.45
1394,GFarmer Air Dried Ham,6.95,1,6.95,4.87
1395,Barrel Aged Vodka 5cl,6,3,5.00,3.50
1396,PLU,0.01,1,0.01,0.01
1397,Banana chips,0.9,1,0.90,0.63
1398,PLU,3,1,3.00,2.10
1399,Fionagh's Sourdough,2.85,1,2.85,2.00
1400,JK Burger OP,0,1,0.00,0.00
1401,Cotteswold Dbl Cream,1.45,1,1.45,1.02
1402,Satsuma,3.75,1,3.75,2.63
1403,Pork Steaks,0,1,0.00,0.00
1404,Minted Lamb Steak,0,1,0.00,0.00
1405,Lime Cordial,5.79,3,4.83,3.38
1406,HB Jail Ale Mustard,2.5,1,2.50,1.75
1407,FB Balsamic,3.25,1,3.25,2.28
1408,HB Hot Garlic Chutney,3.4,1,3.40,2.38
1409,PLU,0,1,0.00,0.00
1410,SDCF Chilli Choc 80g,5.75,3,4.79,3.35
1411,PLU,2.15,1,2.15,1.51
1412,Teoni GF Cranberry,3.95,1,3.95,2.77
1413,PLU,0,1,0.00,0.00
1414,PLU,0,1,0.00,0.00
1415,PLU,0,1,0.00,0.00
1416,PLU,0,1,0.00,0.00
1417,Chinese Glazed Chick,0,1,0.00,0.00
1418,Sparerib Pork Steaks,0,1,0.00,0.00
1419,PLU,0,1,0.00,0.00
1420,Farm Shop Guide,12.99,3,10.83,7.58
1421,PLU,0,1,0.00,0.00
1422,Distillers Cut Gin,45,3,37.50,26.25
1423,PLU,0,1,0.00,0.00
1424,PLU,0,1,0.00,0.00
1425,PLU,0,1,0.00,0.00
1426,PLU,3.5,3,2.92,2.04
1427,PLU,1.4,3,1.17,0.82
1428,RM Soft Rich BSugar 500g,1.25,1,1.25,0.88
1429,Moofree Kids Fizzy,0.72,3,0.60,0.42
1430,Furniss Love Cookie,2.35,3,1.96,1.37
1431,Boddington Cherry,3.5,3,2.92,2.04
1432,Sour Dough Sliced,3.4,1,3.40,2.38
1433,Humid-close,0.01,1,0.01,0.01
1434,CL Bloody Mary,4.25,1,4.25,2.98
1435,PLU,1.6,1,1.60,1.12
1436,PLU,1.2,1,1.20,0.84
1437,Black Pepper sesame,1.55,1,1.55,1.09
1438,PLU,1.8,1,1.80,1.26
1439,PLU,1.2,1,1.20,0.84
1440,Herbs Provence,0.99,1,0.99,0.69
1441,Mixed Herbs,0.99,1,0.99,0.69
1442,PLU,1.6,1,1.60,1.12
1443,PLU,1.6,1,1.60,1.12
1444,Sage,1.6,1,1.60,1.12
1445,PLU,1.6,1,1.60,1.12
1446,SD Chilli Jam,4.35,1,4.35,3.05
1447,FreezeDried Blackberries,1.95,1,1.95,1.37
1448,Steak & Kidney Pie,3.2,1,3.20,2.24
1449,CF Sweets Â£2.40,2.4,3,2.00,1.40
1450,CF Sweets Â£1.55,1.55,3,1.29,0.90
1451,Seaberry Vitamin C,3.95,3,3.29,2.30
1452,Cos lettuce,2.99,1,2.99,2.09
1453,PLU,2.99,1,2.99,2.09
1454,Goose egg,4,1,4.00,2.80
1455,Discount scratchings,7.5,1,7.50,5.25
1456,Stupidly strong ground c,5.99,1,5.99,4.19
1457,Beetroot Hummus,2.95,1,2.95,2.07
1458,3 Bean Salad,2.65,1,2.65,1.86
1459,Tabouli,2.65,1,2.65,1.86
1460,Aubergine Dip,2.65,1,2.65,1.86
1461,Cornish crumbly,0,1,0.00,0.00
1462,Cornish Smuggler,0,1,0.00,0.00
1463,CK Chipotle,4.5,1,4.50,3.15
1464,Cowlick creamery vanilla,1.99,1,1.99,1.39
1465,Cowlick creamery seasalt,1.99,1,1.99,1.39
1466,Edamame Salad,2.65,1,2.65,1.86
1467,Lemon & Lime Posset,2.85,3,2.38,1.66
1468,PLU,0,1,0.00,0.00
1469,Salt Caramel Potts,2.95,3,2.46,1.72
1470,Chilli Bread Dipper,6,1,6.00,4.20
1471,Lemon Bread Dipper,6,1,6.00,4.20
1472,Darlington Toffee Apple,3.5,3,2.92,2.04
1473,Lemon Shandy,2.3,3,1.92,1.34
1474,Earthbound spinach,3.15,1,3.15,2.21
1475,Earthbound spring mix,4.5,1,4.50,3.15
1476,PLU,2.5,1,2.50,1.75
1477,25kg Unwashed melody,11.99,1,11.99,8.39
1478,12.5kg Unwashed melody,7.99,1,7.99,5.59
1479,PPC Seasalt 1.5L,13,1,13.00,9.10
1480,PPC Salt and pepper 55g,1.5,1,1.50,1.05
1481,Treacle Toffee's,1.8,3,1.50,1.05
1482,Choc Pumpkins,1.9,3,1.58,1.11
1483,PLU,4,1,4.00,2.80
1484,PLU,3.5,1,3.50,2.45
1485,SS The Festive One,4.5,1,4.50,3.15
1486,SS Smoky one,4.5,1,4.50,3.15
1487,SS F'ing Hot One,4.5,1,4.50,3.15
1488,10kg Washed Maris Peer,4.99,1,4.99,3.49
1489,Burts sweet chilli 150g,2.25,3,1.88,1.31
1490,PLU,0,1,0.00,0.00
1491,Loose Tomatoes,1.54,1,1.54,1.08
1492,Focaccia,3.7,1,3.70,2.59
1493,Mrs P/Pot Pickled Onions,4.6,1,4.60,3.22
1494,PLU,3.5,1,3.50,2.45
1495,PLU,3.5,1,3.50,2.45
1496,Reduced Beer/Ale,1.5,3,1.25,0.88
1497,Kernow Sea life ,3.5,3,2.92,2.04
1498,Football,0.01,1,0.01,0.01
1499,PLU,3.5,1,3.50,2.45
1500,Flower&White Meringues,4.95,3,4.13,2.89
1501,Yeo Valley Yoghurt,2.4,1,2.40,1.68
1502,Sml TP Choc Milk,1.55,1,1.55,1.09
1503,Sml TP Straw Milk,1.55,1,1.55,1.09
1504,PLU,4.5,1,4.50,3.15
1505,PLU,4,1,4.00,2.80
1506,Popti Snaps Beetroot&car,3.2,1,3.20,2.24
1507,Popti Snaps BM&Oat,3.2,1,3.20,2.24
1508,Popti Snaps Black Pepper,3.2,1,3.20,2.24
1509,Popti Snaps Multiseed,3.2,1,3.20,2.24
1510,FF Dark Choc Cherry Sour,4.99,3,4.16,2.91
1511,Strawberries,1.2,1,1.20,0.84
1512,Kernow chocolate (All),3.5,3,2.92,2.04
1513,Moo-Free Salt Caramel,2.19,3,1.83,1.28
1514,Alma De Chile chardonnay,13.5,3,11.25,7.88
1515,Beef lasagne for 2,8.5,1,8.50,5.95
1516,Fish pie for 2,9.5,1,9.50,6.65
1517,Cottage pie for 2,8.3,1,8.30,5.81
1518,Beef Bourguignon for 1,5.3,1,5.30,3.71
1519,Sticky toffee pud for 2,4.3,1,4.30,3.01
1520,Vegan Marshmallows,2.35,3,1.96,1.37
1521,Nairns Rosemary & SS,2.75,1,2.75,1.93
1522,XXL Pickled Onions,12.99,1,12.99,9.09
1523,Auntys Puddings,2.2,1,2.20,1.54
1524,Mrs Crimbles Caramel,1.85,1,1.85,1.30
1525,Gingerbread - Halloween,1.75,1,1.75,1.23
1526,GFarmer Salami Select,6.95,1,6.95,4.87
1527,Teoni strawb&cream,2.99,1,2.99,2.09
1528,Gunner Saint,2.99,1,2.99,2.09
1529,Gunner Sinner,3.99,3,3.33,2.33
1530,BM Irish Cream Fudge,3,3,2.50,1.75
1531,BM Candy Cane Fudge,3,3,2.50,1.75
1532,Filberts Truf/Gar Nuts,3.5,3,2.92,2.04
1533,Filberts OrangeChoc Nuts,3.5,3,2.92,2.04
1534,Kernow Xmas Mulled Punch,3.5,3,2.92,2.04
1535,Kernow Xmas S.Apple Crum,3.5,3,2.92,2.04
1536,Keltek Gift Box,15,3,12.50,8.75
1537,Furniss Xmas Ginger box,2.99,1,2.99,2.09
1538,Furniss Xmas CC Box,2.99,1,2.99,2.09
1539,Delphi Couscous Salad,2.65,1,2.65,1.86
1540,Teoni Xmas Pud Dipped,4.75,3,3.96,2.77
1541,Maple Syrup,4.79,1,4.79,3.35
1542,Fevertree Ginger Ale 500,2.49,3,2.08,1.45
1543,WC Beetroot Biscuits,1.95,1,1.95,1.37
1544,Jelly Pops,0.79,3,0.66,0.46
1545,Gingerbread Jack,0.95,1,0.95,0.67
1546,PLU,1.2,1,1.20,0.84
1547,PLU,1.2,1,1.20,0.84
1548,PLU,1.2,1,1.20,0.84
1549,Roasting Salt,3.25,1,3.25,2.28
1550,PLU,0,1,0.00,0.00
1551,Longley Double Cream 250,1.9,1,1.90,1.33
1552,Barrel Aged Vodka,44,3,36.67,25.67
1553,Barrel Aged Spiced Gin,47,3,39.17,27.42
1554,Chocolate fudge,3.5,3,2.92,2.04
1555,BM Mince Pie Fudge,2.95,3,2.46,1.72
1556,FLYERS Strawberry,1.59,3,1.33,0.93
1557,Kernow Xmas Pudding Choc,1,3,0.83,0.58
1558,12.5kg Axona,4.99,1,4.99,3.49
1559,CL caramel sauce,4.5,1,4.50,3.15
1560,Polgoon Mulled Wine,9.99,3,8.33,5.83
1561,Gourmico Pickling Spice,1.39,1,1.39,0.97
1562,FT Rasp Rose Lemonade500,2.49,3,2.08,1.45
1563,Judes Strawberry Coulis,1.79,1,1.79,1.25
1564,Garlic Farm Puree,3.69,1,3.69,2.58
1565,Helford Blue,2,1,2.00,1.40
1566,Helford Camembert,2,1,2.00,1.40
1567,Helford Sunrise,5.9,1,5.90,4.13
1568,Quickes Extra Mature,5.99,1,5.99,4.19
1569,Smoked Cheddar ,5.25,1,5.25,3.68
1570,Truffler Hunter ,7.99,1,7.99,5.59
1571,Bird Food,3,1,3.00,2.10
1572,FreePromoXmasPudVod5cl,0,3,0.00,0.00
1573,FreePromoXmas Gin5cl,0,3,0.00,0.00
1574,FREE HOT DRINK No 10,0,1,0.00,0.00
1575,Gluten Free Xmas Hamper,30,1,30.00,21.00
1576,Drivers Pickling Vinegar,2.5,1,2.50,1.75
1577,Pott's Brandy dessert s,0.99,1,0.99,0.69
1578,Burts 150g Cheese&Onion,2.25,3,1.88,1.31
1579,PLU,2.5,1,2.50,1.75
1580,PLU,2.5,1,2.50,1.75
1581,1kg bag Axona,1,1,1.00,0.70
1582,Veg Lasagne for 2,8.75,1,8.75,6.13
1583,F&W Meringue Bites,3.99,3,3.33,2.33
1584,Willy's Kombucha&ACV,2.15,1,2.15,1.51
1585,Sml Banana TP Milk,1.55,1,1.55,1.09
1586,LRG Salt Cara TP Milk,1.55,1,1.55,1.09
1587,Celeriac,1.8,1,1.80,1.26
1588,PLU,0,1,0.00,0.00
1589,Mrs D's Cranberry sauce,2.9,1,2.90,2.03
1590,Teoni Dark Choc & H/comb,5.75,3,4.79,3.35
1591,Toilet Roll,2.59,1,2.59,1.81
1592,Bin Bags,1.99,1,1.99,1.39
1593,Peeled potaoes 1.5kg,2.5,1,2.50,1.75
1594,PC Veg Pasty 4 Froz,11,1,11.00,7.70
1595,PLU,0,1,0.00,0.00
1596,Sourdough Rolls (2 pack),1.8,1,1.80,1.26
1597,FeverTree Can Ginger,1,1,1.00,0.70
1598,PLU,2.99,1,2.99,2.09
1599,PLU,1.99,1,1.99,1.39
1600,Lindt Bears 10g (Small),0.5,3,0.42,0.29
1601,Sea Salt LRG,5.6,1,5.60,3.92
1602,Damp,0.01,1,0.01,0.01
1603,Furniss Gingerbread,3.2,1,3.20,2.24
1604,Black Friday WKD,0.01,1,0.01,0.01
1605,PLU,0,1,0.00,0.00
1606,Brown Lentils,1.25,1,1.25,0.88
1607,GFarmer Dried Belly,6.75,1,6.75,4.73
1608,Willie's Cacao Hot Choc,6.99,1,6.99,4.89
1609,FF Natural Mixed Nuts,4.99,1,4.99,3.49
1610,WCL Nibbles,3.75,1,3.75,2.63
1612,WCL Wafers,4,1,4.00,2.80
1613,WCL Straws,3.95,1,3.95,2.77
1614,WCL Biscuits,2.8,1,2.80,1.96
1615,Mistletoe,2.25,1,2.25,1.58
1616,PLU,2.99,1,2.99,2.09
1617,PLU,2.99,1,2.99,2.09
1618,PLU,2.99,1,2.99,2.09
1619,PLU,1.2,3,1.00,0.70
1620,Cranberry Sauce 340g,3.25,1,3.25,2.28
1621,Kernow mint spoon,2.25,3,1.88,1.31
1622,Kernow Caramel Spoon,1.9,1,1.90,1.33
1623,Turkish Delight,4.85,3,4.04,2.83
1624,Distillery Gift Box,5,1,5.00,3.50
1625,1kg Bag Washed Melody,1.2,1,1.20,0.84
1626,Cocktails,7.5,3,6.25,4.38
1628,single frozen pasty,2.75,1,2.75,1.93
1629,Turkish delight,4.85,3,4.04,2.83
1631,Delphi Stuffed Vine Leaf,3,1,3.00,2.10
1632,Delphi S/Ripe Toms,3,1,3.00,2.10
1633,CL M/Wine & Cran Relish,4.5,1,4.50,3.15
1634,Mixed Peppers,8.55,1,8.55,5.99
1635,PLU,0,1,0.00,0.00
1636,PLU,0,1,0.00,0.00
1637,Moo Free Mini Choc Bar,0.9,3,0.75,0.53
1638,LH GF Cara Onion Houmous,2.99,1,2.99,2.09
1639,PY Sourdough Flatbread,2.95,1,2.95,2.07
1640,Lemon Juice,1.25,1,1.25,0.88
1641,Teoni White Choc & Rasp,5.6,1,5.60,3.92
1642,Organic Golden Syrup,4.85,1,4.85,3.40
1643,Organic Baked Beans,1.9,1,1.90,1.33
1644,PLU,3.3,1,3.30,2.31
1645,PLU,3.3,1,3.30,2.31
1646,PLU,3.3,1,3.30,2.31
1647,PLU,3.4,1,3.40,2.38
1648,PLU,3.8,1,3.80,2.66
1649,PLU,3.8,1,3.80,2.66
1650,SD Jalapeno Salsa,3.75,1,3.75,2.63
1651,Wreath Large,19.5,1,19.50,13.65
1652,Bouillon Cubes,1.6,1,1.60,1.12
1653,Yule Log,9,1,9.00,6.30
1654,Saffron Cake,6.4,1,6.40,4.48
1655,Nescafe instant,3.49,1,3.49,2.44
1656,PLU,3.3,1,3.30,2.31
1658,PLU,2.8,1,2.80,1.96
1659,PLU,2.4,1,2.40,1.68
1660,PLU,3.5,1,3.50,2.45
1661,PLU,3.5,1,3.50,2.45
1662,PLU,3.6,1,3.60,2.52
1663,PLU,3.4,1,3.40,2.38
1664,PLU,3.4,1,3.40,2.38
1665,PLU,3,1,3.00,2.10
1666,PLU,3.4,1,3.40,2.38
1667,PLU,3.5,1,3.50,2.45
1668,Muller Unsalted,0.99,1,0.99,0.69
1669,Butternut misc Â£1,1,1,1.00,0.70
1670,Carrots misc Â£1,1,1,1.00,0.70
1671,Parsnips misc Â£1,1,1,1.00,0.70
1672,Swede misc Â£1,1,1,1.00,0.70
1673,Leeks misc Â£1,1,1,1.00,0.70
1674,Broccoli misc Â£1,1,1,1.00,0.70
1675,Banana's misc Â£1,1,1,1.00,0.70
1676,FeverTree Can Lime Soda,1,1,1.00,0.70
1677,Sunflower oil,2.99,1,2.99,2.09
1678,Fruitina Snacks,0.75,3,0.63,0.44
1679,Lazy Lemon Juice,1.25,1,1.25,0.88
1680,Organic Apricots,1.45,1,1.45,1.02
1681,Street Food Soup ,1.5,1,1.50,1.05
1683,PLU,2.99,1,2.99,2.09
1684,PLU,2.99,1,2.99,2.09
1685,PLU,2.99,1,2.99,2.09
1686,PLU,2.99,1,2.99,2.09
1687,PLU,2.99,1,2.99,2.09
1688,Pork & Cider Pie,3.35,1,3.35,2.35
1689,PLU,3.8,1,3.80,2.66
1690,PLU,3.3,1,3.30,2.31
1691,PLU,2.4,1,2.40,1.68
1692,Brussel Sprouts Loose,2.7,1,2.70,1.89
1693,DC Sausage Rolls,2.75,1,2.75,1.93
1694,KF Sub 4.10,4.1,1,4.10,2.87
1695,PLUp,3.5,1,3.50,2.45
1696,PLU,3.4,1,3.40,2.38
1697,PLU,3.4,1,3.40,2.38
1698,PLU,3.4,1,3.40,2.38
1699,PLU,3.3,1,3.30,2.31
1700,Sandwich Â£3.50,3.5,1,3.50,2.45
1701,Italian Style Coffee,5.99,1,5.99,4.19
1702,Fevertree sicilian lemon,2.49,3,2.08,1.45
1703,Goats cheese quicke,9.5,1,9.50,6.65
1704,Smoke N Jack,6.75,1,6.75,4.73
1705,Offshore Pilsner 330ml,2.1,3,1.75,1.23
1706,Heritage Tomatoes,4.95,1,4.95,3.47
1707,Ext Event Accident etc,0.01,1,0.01,0.01
1708,Corn Lard Chilli Jam 227,5.3,1,5.30,3.71
1709,Princes Orange Juice,1.79,1,1.79,1.25
1710,Sugar Gran SSpoon 500,1.1,1,1.10,0.77
1711,PLU,2.8,1,2.80,1.96
1712,PLU,2.8,1,2.80,1.96
1713,PLU,3.4,1,3.40,2.38
1714,PLU,3.3,1,3.30,2.31
1715,PLU,0,1,0.00,0.00
1716,PLU,0,1,0.00,0.00
1717,ECover Washing Up Liquid,2.1,1,2.10,1.47
1718,HogsBottom Mayo- Relish,3.4,1,3.40,2.38
1719,Kallo Stock,1.85,1,1.85,1.30
1720,PLU,0,1,0.00,0.00
1721,PLU,3.5,1,3.50,2.45
1722,FV Chorizo oil,6.99,1,6.99,4.89
1723,FV Cider vinegar,4.99,1,4.99,3.49
1724,FV Apple juice 250ml,1.8,3,1.50,1.05
1725,Boddingtons marmalade 22,5.45,1,5.45,3.82
1726,PLU,0,1,0.00,0.00
1727,PLU,0,1,0.00,0.00
1728,PLU,0,1,0.00,0.00
1729,Lentil street soup,1.5,1,1.50,1.05
1730,PLU,0,1,0.00,0.00
1731,1 kg Maris piper,1.2,1,1.20,0.84
1732,Coconut Curry for 1,4.55,1,4.55,3.19
1733,Mama Rice Noodles,2.25,1,2.25,1.58
1734,Chippa Worcester Sauce,1.65,1,1.65,1.16
1735,PLU,0,1,0.00,0.00
1736,Real Cure Chorizo,4.99,1,4.99,3.49
1737,DC Cheesecakes,2.99,1,2.99,2.09
1738,PLU,0,1,0.00,0.00
1739,PLU,0,1,0.00,0.00
1740,PLU,0,1,0.00,0.00
1741,PLU,0,1,0.00,0.00
1742,Aborio Rice ,2.45,1,2.45,1.72
1743,BM Birthday Fudge,3.2,3,2.67,1.87
1744,Smoked Salt,3.25,1,3.25,2.28
1746,Sandwich Â£3.40,3.4,1,3.40,2.38
1747,Sandwich Â£3.30,3.3,1,3.30,2.31
1748,St Ives 330ml,2.75,3,2.29,1.60
1749,St Ives 440 ml,3.99,3,3.33,2.33
1750,St Ives glass,6.75,1,6.75,4.73
1751,PLU,0,1,0.00,0.00
1752,PLU,2.4,1,2.40,1.68
1753,PLU,3.3,1,3.30,2.31
1754,PLU,4,1,4.00,2.80
1755,Discount DC sausage roll,1.5,1,1.50,1.05
1756,PLU,2.99,1,2.99,2.09
1757,Mozzarella Ball,1.6,1,1.60,1.12
1758,Gingerbread Chick,2.3,1,2.30,1.61
1759,BM Hot X Bun Fudge,3.25,3,2.71,1.90
1760,Simkins S&C Drops 175g,3.49,3,2.91,2.04
1761,PLU,2.99,3,2.49,1.74
1762,PLU,2.99,1,2.99,2.09
1763,Coconut Milk,1.85,1,1.85,1.30
1764,PLU,2.99,1,2.99,2.09
1765,PLU,2.99,1,2.99,2.09
1766,PLU,2.99,1,2.99,2.09
1767,PLU,2.99,1,2.99,2.09
1768,PLU,2.99,1,2.99,2.09
1769,Vine toms misc Â£1,1,1,1.00,0.70
1770,Satsuma misc Â£1,1,1,1.00,0.70
1771,Burts Guinness 40g,0.99,3,0.83,0.58
1772,Mutti Passata 500g,2.49,1,2.49,1.74
1773,Mutti Pasta Sauce,3.59,1,3.59,2.51
1774,Demerara Sugar,1.85,1,1.85,1.30
1775,PLU,2.99,1,2.99,2.09
1776,DC Cakes,2.99,1,2.99,2.09
1777,PLU,2.99,1,2.99,2.09
1778,PLU,2.99,1,2.99,2.09
1779,Baking Powder,1.25,1,1.25,0.88
1780,Bicarbonate,0.8,1,0.80,0.56
1781,Bombay HOT,1.55,1,1.55,1.09
1782,PLU,1.75,3,1.46,1.02
1783,SS Mexican One,4.5,1,4.50,3.15
1784,Seaweed Pinch Salt,3.25,1,3.25,2.28
1785,F/Feast S/Cara Almonds,4.99,3,4.16,2.91
1786,PLU,2.99,1,2.99,2.09
1787,PLU,2.99,1,2.99,2.09
1788,PLU,2.99,1,2.99,2.09
1789,Rainbow Chard,2.6,1,2.60,1.82
1790,DC Cake discount,1.8,1,1.80,1.26
1791,PLU,0,1,0.00,0.00
1792,PLU,2.99,1,2.99,2.09
1793,PLU,2.99,1,2.99,2.09
1794,Mixed peppers misc Â£1,1,1,1.00,0.70
1795,Jolly's  cans,1.3,3,1.08,0.76
1796,Candy can,1.19,3,0.99,0.69
1797,Mini Marshmallows 100g,1.2,3,1.00,0.70
1798,PLU,2.99,1,2.99,2.09
1799,Sandwich Â£2.80,2.8,1,2.80,1.96
1800,Sandwich Â£3.60,3.6,1,3.60,2.52
1801,Courgette misc Â£1,1,1,1.00,0.70
1802,DJ&A B/root Slices,3.5,1,3.50,2.45
1803,DJ&A M/room Crisps,3.5,1,3.50,2.45
1804,Delphi Tzatziki Dip GF,1.45,1,1.45,1.02
1805,FFarm Raspberry Shapes,0.7,3,0.58,0.41
1806,FF P/nut&Choc Dates,4.99,3,4.16,2.91
1807,FF Salted D/Choc Cashews,4.99,3,4.16,2.91
1808,Golden Fry Dumpling Mix,0.95,1,0.95,0.67
1809,Kallo M/ Choc Rice Cakes,0.99,3,0.83,0.58
1810,Kallo Y/Topped  RiceCake,1.19,3,0.99,0.69
1811,Marmite,3.99,1,3.99,2.79
1812,OBB Iced Shortbread Chic,2.6,1,2.60,1.82
1813,Trewithen Black Label 2L,2.9,1,2.90,2.03
1814,PLU,2.99,1,2.99,2.09
1815,PLU,2.99,1,2.99,2.09
1816,PLU,2.99,1,2.99,2.09
1817,PLU,2.99,1,2.99,2.09
1818,PLU,3.5,1,3.50,2.45
1819,Aubergine,4.2,1,4.20,2.94
1820,DC Bomb,3.5,1,3.50,2.45
1821,MooFree Choccy Eggs 50g,2.99,3,2.49,1.74
1822,MooFree Easter Egg,5.25,3,4.38,3.06
1823,KC Simnel Cake Dark Choc,2,3,1.67,1.17
1824,PLU,0,1,0.00,0.00
1825,FH Eng Garden Biscuit,7.6,1,7.60,5.32
1826,SD Simnel Loaf,11.75,1,11.75,8.23
1827,PLU,0,1,0.00,0.00
1828,BUD Peanuts,2.25,3,1.88,1.31
1829,CSC Madras,4.99,1,4.99,3.49
1830,CSC Jalfrezi,4.99,1,4.99,3.49
1831,Sliced White Bloomer,2.85,1,2.85,2.00
1832,LB Naan Bread,2.59,1,2.59,1.81
1833,KC Floral Thins,7.29,3,6.08,4.25
1834,Lindt Luxury Selection,8.69,3,7.24,5.07
1835,Mr Organic Baked Beans,1.9,1,1.90,1.33
1836,Wool Bunnies,12.5,1,12.50,8.75
1837,Popcorn 500g,1.15,1,1.15,0.81
1838,PLU,3.5,1,3.50,2.45
1839,Country flowers,0,1,0.00,0.00
1840,Cape Cornwall White Rum ,34,3,28.33,19.83
1841,Crimbles Bakewell Slices,2.45,1,2.45,1.72
1842,Everfresh Malt Loaf,2.49,1,2.49,1.74
1843,Kallo Lightly Salted,2.25,1,2.25,1.58
1844,Kallo Lentil&P Veg Cakes,3.75,1,3.75,2.63
1845,KF Egg & bacon pie,3.5,1,3.50,2.45
1846,KF Scotch egg,3.6,1,3.60,2.52
1847,JK Pork pie,3.15,1,3.15,2.21
1848,Smokey Duke,4.2,1,4.20,2.94
1849,Burts beef&mustard ridge,0.99,3,0.83,0.58
1850,Iceberg Lettuce,1.65,1,1.65,1.16
1851,Smugglers Brew 80 bags,4.65,1,4.65,3.26
1852,Joey Brown fruity white,8.65,3,7.21,5.05
1853,Pierre lacasse sauvignon,8.99,3,7.49,5.24
1854,Gold county chardonnay,9.75,3,8.13,5.69
1855,Joey brown soft red,8.65,3,7.21,5.05
1856,Pierre lacasse cabernet ,9.5,3,7.92,5.54
1857,Tiempo tierra tempranill,9.5,3,7.92,5.54
1858,Pinot Grigio Rose,7.95,3,6.63,4.64
1859,Romeo & Juliet prosecco,13.5,3,11.25,7.88
1860,Tempus two silver series,10.65,3,8.88,6.21
1861,Pinot grigio della verne,10.65,3,8.88,6.21
1862,Te merio sauvignon,14.75,3,12.29,8.60
1863,D'Abruzzo montepulciano,10.95,3,9.13,6.39
1864,Parlez vou malbec,11.5,3,9.58,6.71
1865,Coto mayor ciranza,13.99,3,11.66,8.16
1866,Cotes du rhone,12.5,3,10.42,7.29
1867,Salice salentino riserva,11.5,3,9.58,6.71
1868,Williams Grove Red,3.5,3,2.92,2.04
1869,Williams Grove White,3.5,3,2.92,2.04
1870,Williams Grove Rose,3.5,3,2.92,2.04
1871,Lrg EasterEgg Cheesecake,4.5,1,4.50,3.15
1872,One 4 one prosecco bottl,3.99,3,3.33,2.33
1873,Burts 150g Guinness,2.25,3,1.88,1.31
1874,Peanut and raisins,0.7,1,0.70,0.49
1875,Sml EasterEgg Cheesecake,3.5,1,3.50,2.45
1876,Sausages OP,0,1,0.00,0.00
1877,CC Salami,3.5,1,3.50,2.45
1878,CC Chorizo,3.5,1,3.50,2.45
1879,KF granola pots,2.75,1,2.75,1.93
1880,FF Roasted Mix Nuts,4.99,3,4.16,2.91
1881,OV English Mustard,2.25,1,2.25,1.58
1882,Fredas vanilla & Choc,3.99,1,3.99,2.79
1883,Stokes Tartare Sauce,3.99,1,3.99,2.79
1884,Schwartz PeppercornSauce,1.09,1,1.09,0.76
1885,Teoni Maple Pecan,3.4,1,3.40,2.38
1886,Gouda Xtra Mature,6.75,1,6.75,4.73
1887,HB Horseradish Mustard,2.35,1,2.35,1.65
1888,Sauerkraut,5.25,1,5.25,3.68
1889,DJ&A Broccoli Florets,3.5,1,3.50,2.45
1890,BM Fudge Maple Walnut,3.5,3,2.92,2.04
1891,BM Fudge Vegan Vanilla,3.5,3,2.92,2.04
1892,Salad Top Potatoes,2.64,1,2.64,1.85
1893,Cornish Tea Fusion Bags,3.99,1,3.99,2.79
1894,Colombian cornish coffee,6.8,1,6.80,4.76
1895,Apple juiceburst,1.75,3,1.46,1.02
1896,Spicy Dick's,33,3,27.50,19.25
1897,FF Choc Orange Almonds,4.99,3,4.16,2.91
1898,NEXBA Wild Citrus Energy,1.99,3,1.66,1.16
1899,Goats Cheese,3.99,1,3.99,2.79
1900,Skinners & Goodh Cans,3.5,3,2.92,2.04
1901,25kg Lady Terra,13.5,1,13.50,9.45
1902,DC Cookie,3.5,1,3.50,2.45
1903,Strong Wholemeal Flour,2.69,1,2.69,1.88
1904,LRG Kittow S&A pie,9.99,1,9.99,6.99
1905,PLU,0,1,0.00,0.00
1906,FF Fair Trade Mango,4.49,1,4.49,3.14
1907,Sesame Sticks,1.25,1,1.25,0.88
1908,HB Bacon & Chorizo,3.65,1,3.65,2.56
1909,DJ&A S/Potato Crisps,3.5,1,3.50,2.45
1910,FH Milk Choc Oat Bics,2.95,3,2.46,1.72
1911,PLU,0,1,0.00,0.00
1912,MrFs Strawb&Kiwi Cordial,4.2,3,3.50,2.45
1913,Nairn Mini Cheese Bakes,1.2,1,1.20,0.84
1914,Bbq charcoal 5 kg,5.99,3,4.99,3.49
1915,Knightor CD Red,18.99,3,15.83,11.08
1916,Eat Real Veggie Straws,0.9,3,0.75,0.53
1917,PLU,3.5,3,2.92,2.04
1918,OV Horseradish Mustard,2.25,1,2.25,1.58
1919,KF wrap Â£3.60,3.6,1,3.60,2.52
1920,Fevertree 500ml Summer,2.49,3,2.08,1.45
1921,Flawsome A&S Juice 250ml,2.5,3,2.08,1.46
1922,Wildberry Presse 330ml,1.95,3,1.63,1.14
1923,JimJams H/nut Spread 350,3.25,1,3.25,2.28
1924,Panda Rasp Liquorice,0.79,3,0.66,0.46
1925,Cherries,9,1,9.00,6.30
1926,Maltesers,0.75,3,0.63,0.44
1927,Liptons iced tea,1.35,3,1.13,0.79
1928,Moroccan Chick for 1,5.1,1,5.10,3.57
1929,Folkington Cloudy Pear,4.99,1,4.99,3.49
1930,Belvoir Non-Al G&T,3.99,1,3.99,2.79
1931,Trewithen Flavoured,2.8,1,2.80,1.96
1932,DC Egg & Bacon Pie,3.5,1,3.50,2.45
1933,Granola Straw Museli,2.55,1,2.55,1.79
1934,Japanese Rice Crackers,0,1,0.00,0.00
1935,Salted Cashew Pots,1.5,1,1.50,1.05
1936,Teoni mixed box 400g,6.25,3,5.21,3.65
1937,Tagliatelle,2.15,1,2.15,1.51
1938,Golden Caster Sugar 500g,1.7,1,1.70,1.19
1939, SPOOKY CUP,2.5,3,2.08,1.46
1940,Burts Limited Editions,0.99,3,0.83,0.58
1941,RS Oat Bisc Sea Salt,2.99,1,2.99,2.09
1942,NAIRNS Caramelised Onion,2.75,1,2.75,1.93
1943,TPW Pilchards 100g,3.85,1,3.85,2.70
1944,6x Cupcakes ,15,3,12.50,8.75
1945,Kernow Banoffee,3.5,3,2.92,2.04
1946,Corned beef,0,1,0.00,0.00
1947,Rye Bread,3.5,1,3.50,2.45
1948,JW VegIt Vegetable Juice,3.95,1,3.95,2.77
1949,PLU,3.5,3,2.92,2.04
1950,CK Hollandaise,4.5,1,4.50,3.15
1951,Syrup 30p,0.3,1,0.30,0.21
1952,Beaujolais nouveau,14.99,3,12.49,8.74
1953,Chestnuts,6.55,1,6.55,4.59
1954,ES choc coconut bisc,2.29,3,1.91,1.34
1955,English loose tea,3.3,1,3.30,2.31
1956,Gift voucher Â£5,5,1,5.00,3.50
1957,Gooseberries,3.1,1,3.10,2.17
1958,Dulcesol Bread,2.79,1,2.79,1.95
1959,FF Pistachio,4.75,1,4.75,3.33
1960,Mutti Bolognaise,3.75,1,3.75,2.63
1961,Tin Shortbread,7.99,3,6.66,4.66
1962,New Houmous,3.5,1,3.50,2.45
1963,Delphi Coleslaw,2.25,1,2.25,1.58
1964,Delphi Potato Salad,2.3,1,2.30,1.61
1965,Delphi Red Peppers,3.35,1,3.35,2.35
1966,C&Ivy Dressing,3.75,1,3.75,2.63
1967,G'ma's Wild's Tin,7.99,3,6.66,4.66
1968,Teoni's Apple Pie Oat,3.4,3,2.83,1.98
1969,VITA VIGOR Breadsticks,1.8,1,1.80,1.26
1970,Broccoli Chips GG,4.5,1,4.50,3.15
1971,Compost Black Gold,6.5,3,5.42,3.79
1972,AD Blackcurrant liqueur,25,3,20.83,14.58
1973,Sapuri pinot blush,7.8,3,6.50,4.55
1974,12.5kg Pearl,7.5,1,7.50,5.25
1975,Nairns Mix Berry Biscuit,2.19,1,2.19,1.53
1976,12.5kg Unwashed Melody,8.99,1,8.99,6.29
1977,French Bean,1.48,1,1.48,1.04
1978,Feta,3.4,1,3.40,2.38
1979,Potato voucher,10,1,10.00,7.00
1980,PLU,2.99,1,2.99,2.09
1981,FREE DISTILLERY GLASS,0,1,0.00,0.00
1982,Vodka mini set,25,3,20.83,14.58
1983,Gin mini set,25,3,20.83,14.58
1984,CF sweets Â£1.20,1.2,3,1.00,0.70
1985,CF sweets Â£1.60,1.6,3,1.33,0.93
1986,CF sweets Â£1.75,1.75,3,1.46,1.02
1987,CF sweets Â£1.30,1.3,3,1.08,0.76
1988,CF sweets Â£1.10,1.1,3,0.92,0.64
1989,Barneys Pontefract Cakes,1.99,3,1.66,1.16
1990,TMB Salami 70g,2.5,1,2.50,1.75
1991,Lemon & Lime Posset,2.25,1,2.25,1.58
1992,Folkingtons rhubarb can,1.5,3,1.25,0.88
1993,Pearce's pork pie 2pack,5.99,1,5.99,4.19
1994,BM Blast Choccy Bar,1.99,3,1.66,1.16
1995,Marmite Mini Rice Cakes,1.19,1,1.19,0.83
1996,Nain's Mixed Berry Bisc,2.19,1,2.19,1.53
1997,All St Austell Brewery 5,3.5,3,2.92,2.04
1998,25kg Washed  C Pearl,13.5,1,13.50,9.45
1999,10kg Washed Pearl,6.99,1,6.99,4.89